date,repository,stars,forks,watchers,open_issues,language,views,unique_views,clones,unique_clones
2026-07-09,Activity-Tracker,2,0,0,0,Python,0,0,0,0
2026-07-09,Airflow-E2E-DevEnv,1,0,0,0,Python,1,1,0,0
2026-07-09,Airflow-Template,1,0,1,0,Python,0,0,0,0
2026-07-09,Ansible-Deploy-To-Edge,1,0,0,0,Python,0,0,0,0
2026-07-09,CAED,1,0,0,0,Python,0,0,0,0
2026-07-09,Cloudflare-Dockerization,1,0,1,0,Python,0,0,0,0
2026-07-09,Crawler-Keywords-And-Use-LineBot,1,0,1,0,Python,0,0,0,0
2026-07-09,Database-Template,1,0,1,0,Python,0,0,0,0
2026-07-09,Docker-Registry-Server,1,0,0,0,,1,1,0,0
2026-07-09,Downloads-YouTube-To-MP3-4,3,0,1,0,Python,0,0,0,0
2026-07-09,Forex-Get-Quotes,3,0,1,0,Python,0,0,0,0
2026-07-09,How-To-Use-Clone-Shields,2,0,1,0,Python,0,0,0,0
2026-07-09,Junwu0615,1,0,1,0,Python,4,1,26,16
2026-07-09,Junwu0615-Analytics,1,0,0,0,Python,1,1,3,3
2026-07-09,Junwu0615.github.io,1,0,1,0,HTML,0,0,0,0
2026-07-09,LCII-Rec-Model,2,0,1,0,Python,0,0,0,0
2026-07-09,Latency-Throughput-Simulation-Test,1,0,0,0,Python,0,0,0,0
2026-07-09,LeetCode-Practice-Record,1,0,1,0,Python,0,0,0,0
2026-07-09,LeetCode-Record-Sharing-Method,1,0,1,0,Python,0,0,0,0
2026-07-09,My-English-Learning-Journey,1,0,0,0,,0,0,0,0
2026-07-09,My-Win-Apps,1,0,0,0,PowerShell,0,0,0,0
2026-07-09,NGROK-Dockerization,1,0,1,0,Python,0,0,0,0
2026-07-09,NVDA-Price-Stock-Prediction,1,0,1,0,Python,0,0,0,0
2026-07-09,One-Click-Database-Deployment,1,0,1,0,Python,0,0,0,0
2026-07-09,Other,1,0,1,0,Python,0,0,0,0
2026-07-09,PC-Activity-Tracker,1,0,0,0,Python,0,0,28,16
2026-07-09,PC-Bot-With-GenAI,4,0,1,0,Python,1,1,0,0
2026-07-09,PG-APP-Core,1,0,0,0,Python,0,0,1,1
2026-07-09,PG-Airflow-DAGs,1,0,0,0,Python,1,1,0,0
2026-07-09,PG-Analytics,1,0,0,0,Python,1,1,3,3
2026-07-09,PG-Core,1,0,0,0,,2,1,5,4
2026-07-09,PG-Cortex,1,0,0,0,,0,0,1,1
2026-07-09,PG-Edge-Container,1,0,0,0,Makefile,0,0,0,0
2026-07-09,PG-Infrastructure,1,0,0,0,Makefile,1,1,3,2
2026-07-09,PG-Sentinel,1,0,0,0,,0,0,2,2
2026-07-09,PG-Shared-Lib,1,0,0,0,Python,1,1,0,0
2026-07-09,PG-Synapse,1,0,0,0,,0,0,1,1
2026-07-09,Parsing-Media-From-JVID,8,3,1,1,Python,9,7,0,0
2026-07-09,Parsing-Media-From-PornHub,3,1,1,0,Python,0,0,0,0
2026-07-09,Platform-Genesis,3,0,0,0,Makefile,7,3,24,9
2026-07-09,RAG-With-LangChain-And-FAISS,1,0,1,0,Jupyter Notebook,0,0,0,0
2026-07-09,RESTful-API-FastAPI,1,0,1,0,Python,0,0,0,0
2026-07-09,ROI-Tool,1,0,1,0,Python,0,0,0,0
2026-07-09,The-First-PHP-Login-System,2,0,1,0,CSS,0,0,0,0
2026-07-09,Using-Streamlit-Create-Dashboard,1,0,1,0,Python,2,1,1,1
2026-07-09,Web-Crawler-Download-Img,1,0,1,0,Python,0,0,0,0
2026-07-09,Web-Crawler-FamilyMart-Shop,1,0,1,0,Python,0,0,0,0
2026-07-09,Web-Crawler-News,1,0,1,0,Python,0,0,0,0
2026-07-09,github-readme-terminal,1,0,0,0,,0,0,0,0
2026-07-10,Activity-Tracker,2,0,0,0,Python,0,0,0,0
2026-07-10,Airflow-E2E-DevEnv,1,0,0,0,Python,0,0,0,0
2026-07-10,Airflow-Template,1,0,1,0,Python,0,0,0,0
2026-07-10,Ansible-Deploy-To-Edge,1,0,0,0,Python,0,0,0,0
2026-07-10,CAED,1,0,0,0,Python,0,0,0,0
2026-07-10,Cloudflare-Dockerization,1,0,1,0,Python,0,0,0,0
2026-07-10,Crawler-Keywords-And-Use-LineBot,1,0,1,0,Python,0,0,0,0
2026-07-10,Database-Template,1,0,1,0,Python,0,0,0,0
2026-07-10,Docker-Registry-Server,1,0,0,0,,0,0,0,0
2026-07-10,Downloads-YouTube-To-MP3-4,3,0,1,0,Python,1,1,0,0
2026-07-10,Forex-Get-Quotes,3,0,1,0,Python,0,0,0,0
2026-07-10,How-To-Use-Clone-Shields,2,0,1,0,Python,0,0,0,0
2026-07-10,Junwu0615,1,0,1,0,Python,4,1,32,16
2026-07-10,Junwu0615-Analytics,1,0,0,0,Python,1,1,3,3
2026-07-10,Junwu0615.github.io,1,0,1,0,HTML,0,0,0,0
2026-07-10,LCII-Rec-Model,2,0,1,0,Python,0,0,0,0
2026-07-10,Latency-Throughput-Simulation-Test,1,0,0,0,Python,0,0,0,0
2026-07-10,LeetCode-Practice-Record,1,0,1,0,Python,0,0,0,0
2026-07-10,LeetCode-Record-Sharing-Method,1,0,1,0,Python,0,0,0,0
2026-07-10,My-English-Learning-Journey,1,0,0,0,,0,0,0,0
2026-07-10,My-Win-Apps,1,0,0,0,PowerShell,0,0,0,0
2026-07-10,NGROK-Dockerization,1,0,1,0,Python,0,0,0,0
2026-07-10,NVDA-Price-Stock-Prediction,1,0,1,0,Python,0,0,0,0
2026-07-10,One-Click-Database-Deployment,1,0,1,0,Python,0,0,0,0
2026-07-10,Other,1,0,1,0,Python,0,0,0,0
2026-07-10,PC-Activity-Tracker,1,0,0,0,Python,0,0,25,11
2026-07-10,PC-Bot-With-GenAI,4,0,1,0,Python,0,0,0,0
2026-07-10,PG-APP-Core,1,0,0,0,Python,0,0,26,15
2026-07-10,PG-Airflow-DAGs,1,0,0,0,Python,0,0,0,0
2026-07-10,PG-Analytics,1,0,0,0,Python,0,0,4,3
2026-07-10,PG-Core,1,0,0,0,,3,1,3,3
2026-07-10,PG-Cortex,1,0,0,0,,0,0,0,0
2026-07-10,PG-Edge-Container,1,0,0,0,Makefile,0,0,0,0
2026-07-10,PG-Infrastructure,1,0,0,0,Makefile,1,1,11,8
2026-07-10,PG-Sentinel,1,0,0,0,,0,0,0,0
2026-07-10,PG-Shared-Lib,1,0,0,0,Python,0,0,0,0
2026-07-10,PG-Synapse,1,0,0,0,,0,0,0,0
2026-07-10,Parsing-Media-From-JVID,8,3,1,1,Python,16,8,1,1
2026-07-10,Parsing-Media-From-PornHub,3,1,1,0,Python,0,0,0,0
2026-07-10,Platform-Genesis,3,0,0,0,Makefile,11,2,5,2
2026-07-10,RAG-With-LangChain-And-FAISS,1,0,1,0,Jupyter Notebook,0,0,0,0
2026-07-10,RESTful-API-FastAPI,1,0,1,0,Python,0,0,0,0
2026-07-10,ROI-Tool,1,0,1,0,Python,0,0,0,0
2026-07-10,The-First-PHP-Login-System,2,0,1,0,CSS,0,0,0,0
2026-07-10,Using-Streamlit-Create-Dashboard,1,0,1,0,Python,0,0,0,0
2026-07-10,Web-Crawler-Download-Img,1,0,1,0,Python,0,0,0,0
2026-07-10,Web-Crawler-FamilyMart-Shop,1,0,1,0,Python,0,0,0,0
2026-07-10,Web-Crawler-News,1,0,1,0,Python,0,0,0,0
2026-07-10,github-readme-terminal,1,0,0,0,,0,0,0,0
2026-07-11,Activity-Tracker,2,0,0,0,Python,0,0,0,0
2026-07-11,Airflow-E2E-DevEnv,1,0,0,0,Python,0,0,0,0
2026-07-11,Airflow-Template,1,0,1,0,Python,0,0,0,0
2026-07-11,Ansible-Deploy-To-Edge,1,0,0,0,Python,0,0,0,0
2026-07-11,CAED,1,0,0,0,Python,0,0,0,0
2026-07-11,Cloudflare-Dockerization,1,0,1,0,Python,0,0,0,0
2026-07-11,Crawler-Keywords-And-Use-LineBot,1,0,1,0,Python,0,0,0,0
2026-07-11,Database-Template,1,0,1,0,Python,0,0,0,0
2026-07-11,Docker-Registry-Server,1,0,0,0,,0,0,0,0
2026-07-11,Downloads-YouTube-To-MP3-4,3,0,1,0,Python,1,1,0,0
2026-07-11,Forex-Get-Quotes,3,0,1,0,Python,0,0,0,0
2026-07-11,How-To-Use-Clone-Shields,2,0,1,0,Python,0,0,0,0
2026-07-11,Junwu0615,1,0,1,0,Python,0,0,31,16
2026-07-11,Junwu0615-Analytics,1,0,0,0,Python,0,0,4,4
2026-07-11,Junwu0615.github.io,1,0,1,0,HTML,0,0,0,0
2026-07-11,LCII-Rec-Model,2,0,1,0,Python,0,0,0,0
2026-07-11,Latency-Throughput-Simulation-Test,1,0,0,0,Python,0,0,0,0
2026-07-11,LeetCode-Practice-Record,1,0,1,0,Python,0,0,0,0
2026-07-11,LeetCode-Record-Sharing-Method,1,0,1,0,Python,0,0,0,0
2026-07-11,My-English-Learning-Journey,1,0,0,0,,0,0,0,0
2026-07-11,My-Win-Apps,1,0,0,0,PowerShell,0,0,0,0
2026-07-11,NGROK-Dockerization,1,0,1,0,Python,0,0,0,0
2026-07-11,NVDA-Price-Stock-Prediction,1,0,1,0,Python,0,0,0,0
2026-07-11,One-Click-Database-Deployment,1,0,1,0,Python,0,0,0,0
2026-07-11,Other,1,0,1,0,Python,0,0,0,0
2026-07-11,PC-Activity-Tracker,1,0,0,0,Python,0,0,12,6
2026-07-11,PC-Bot-With-GenAI,4,0,1,0,Python,0,0,0,0
2026-07-11,PG-APP-Core,1,0,0,0,Python,0,0,3,3
2026-07-11,PG-Airflow-DAGs,1,0,0,0,Python,0,0,2,2
2026-07-11,PG-Analytics,1,0,0,0,Python,0,0,12,7
2026-07-11,PG-Core,1,0,0,0,,1,1,0,0
2026-07-11,PG-Cortex,1,0,0,0,,0,0,0,0
2026-07-11,PG-Edge-Container,1,0,0,0,Makefile,0,0,0,0
2026-07-11,PG-Infrastructure,1,0,0,0,Makefile,0,0,2,2
2026-07-11,PG-Sentinel,1,0,0,0,,0,0,0,0
2026-07-11,PG-Shared-Lib,1,0,0,0,Python,0,0,0,0
2026-07-11,PG-Synapse,1,0,0,0,,0,0,0,0
2026-07-11,Parsing-Media-From-JVID,8,3,1,1,Python,23,7,0,0
2026-07-11,Parsing-Media-From-PornHub,3,1,1,0,Python,0,0,0,0
2026-07-11,Platform-Genesis,3,0,0,0,Makefile,1,1,21,6
2026-07-11,RAG-With-LangChain-And-FAISS,1,0,1,0,Jupyter Notebook,0,0,0,0
2026-07-11,RESTful-API-FastAPI,1,0,1,0,Python,0,0,0,0
2026-07-11,ROI-Tool,1,0,1,0,Python,0,0,0,0
2026-07-11,The-First-PHP-Login-System,2,0,1,0,CSS,0,0,0,0
2026-07-11,Using-Streamlit-Create-Dashboard,1,0,1,0,Python,0,0,0,0
2026-07-11,Web-Crawler-Download-Img,1,0,1,0,Python,0,0,0,0
2026-07-11,Web-Crawler-FamilyMart-Shop,1,0,1,0,Python,0,0,0,0
2026-07-11,Web-Crawler-News,1,0,1,0,Python,0,0,0,0
2026-07-11,github-readme-terminal,1,0,0,0,,0,0,0,0
2026-07-12,Activity-Tracker,2,0,0,0,Python,0,0,0,0
2026-07-12,Airflow-E2E-DevEnv,1,0,0,0,Python,0,0,0,0
2026-07-12,Airflow-Template,1,0,1,0,Python,0,0,0,0
2026-07-12,Ansible-Deploy-To-Edge,1,0,0,0,Python,0,0,0,0
2026-07-12,CAED,1,0,0,0,Python,0,0,0,0
2026-07-12,Cloudflare-Dockerization,1,0,1,0,Python,0,0,0,0
2026-07-12,Crawler-Keywords-And-Use-LineBot,1,0,1,0,Python,0,0,0,0
2026-07-12,Database-Template,1,0,1,0,Python,0,0,0,0
2026-07-12,Docker-Registry-Server,1,0,0,0,,0,0,0,0
2026-07-12,Downloads-YouTube-To-MP3-4,3,0,1,0,Python,4,4,0,0
2026-07-12,Forex-Get-Quotes,3,0,1,0,Python,0,0,0,0
2026-07-12,How-To-Use-Clone-Shields,2,0,1,0,Python,0,0,0,0
2026-07-12,Junwu0615,1,0,1,0,Python,0,0,24,9
2026-07-12,Junwu0615-Analytics,1,0,0,0,Python,0,0,4,4
2026-07-12,Junwu0615.github.io,1,0,1,0,HTML,0,0,0,0
2026-07-12,LCII-Rec-Model,2,0,1,0,Python,0,0,0,0
2026-07-12,Latency-Throughput-Simulation-Test,1,0,0,0,Python,0,0,0,0
2026-07-12,LeetCode-Practice-Record,1,0,1,0,Python,0,0,0,0
2026-07-12,LeetCode-Record-Sharing-Method,1,0,1,0,Python,0,0,0,0
2026-07-12,My-English-Learning-Journey,1,0,0,0,,0,0,0,0
2026-07-12,My-Win-Apps,1,0,0,0,PowerShell,62,2,178,76
2026-07-12,NGROK-Dockerization,1,0,1,0,Python,0,0,0,0
2026-07-12,NVDA-Price-Stock-Prediction,1,0,1,0,Python,0,0,0,0
2026-07-12,One-Click-Database-Deployment,1,0,1,0,Python,0,0,0,0
2026-07-12,Other,1,0,1,0,Python,0,0,0,0
2026-07-12,PC-Activity-Tracker,1,0,0,0,Python,0,0,36,16
2026-07-12,PC-Bot-With-GenAI,4,0,1,0,Python,2,1,0,0
2026-07-12,PG-APP-Core,1,0,0,0,Python,6,1,12,7
2026-07-12,PG-Airflow-DAGs,1,0,0,0,Python,0,0,0,0
2026-07-12,PG-Analytics,1,0,0,0,Python,0,0,3,3
2026-07-12,PG-Core,1,0,0,0,,4,1,17,10
2026-07-12,PG-Cortex,1,0,0,0,,0,0,3,2
2026-07-12,PG-Edge-Container,1,0,0,0,Makefile,0,0,1,1
2026-07-12,PG-Infrastructure,1,0,0,0,Makefile,3,1,0,0
2026-07-12,PG-Sentinel,1,0,0,0,,0,0,1,1
2026-07-12,PG-Shared-Lib,1,0,0,0,Python,0,0,1,1
2026-07-12,PG-Synapse,1,0,0,0,,1,1,1,1
2026-07-12,Parsing-Media-From-JVID,8,3,1,1,Python,12,7,1,1
2026-07-12,Parsing-Media-From-PornHub,3,1,1,0,Python,0,0,0,0
2026-07-12,Platform-Genesis,3,0,0,0,Makefile,4,3,3,2
2026-07-12,RAG-With-LangChain-And-FAISS,1,0,1,0,Jupyter Notebook,0,0,0,0
2026-07-12,RESTful-API-FastAPI,1,0,1,0,Python,0,0,0,0
2026-07-12,ROI-Tool,1,0,1,0,Python,0,0,0,0
2026-07-12,The-First-PHP-Login-System,2,0,1,0,CSS,0,0,0,0
2026-07-12,Using-Streamlit-Create-Dashboard,1,0,1,0,Python,0,0,0,0
2026-07-12,Web-Crawler-Download-Img,1,0,1,0,Python,0,0,0,0
2026-07-12,Web-Crawler-FamilyMart-Shop,1,0,1,0,Python,0,0,0,0
2026-07-12,Web-Crawler-News,1,0,1,0,Python,0,0,0,0
2026-07-12,github-readme-terminal,1,0,0,0,,0,0,0,0
2026-07-13,Activity-Tracker,2,0,0,0,Python,0,0,0,0
2026-07-13,Airflow-E2E-DevEnv,1,0,0,0,Python,0,0,0,0
2026-07-13,Airflow-Template,1,0,1,0,Python,0,0,0,0
2026-07-13,Ansible-Deploy-To-Edge,1,0,0,0,Python,0,0,0,0
2026-07-13,CAED,1,0,0,0,Python,0,0,0,0
2026-07-13,Cloudflare-Dockerization,1,0,1,0,Python,0,0,0,0
2026-07-13,Crawler-Keywords-And-Use-LineBot,1,0,1,0,Python,0,0,0,0
2026-07-13,Database-Template,1,0,1,0,Python,0,0,0,0
2026-07-13,Docker-Registry-Server,1,0,0,0,,0,0,0,0
2026-07-13,Downloads-YouTube-To-MP3-4,3,0,1,0,Python,1,1,0,0
2026-07-13,Forex-Get-Quotes,3,0,1,0,Python,0,0,0,0
2026-07-13,How-To-Use-Clone-Shields,2,0,1,0,Python,0,0,0,0
2026-07-13,Junwu0615,1,0,1,0,Python,0,0,11,6
2026-07-13,Junwu0615-Analytics,1,0,0,0,Python,3,1,3,3
2026-07-13,Junwu0615.github.io,1,0,1,0,HTML,0,0,0,0
2026-07-13,LCII-Rec-Model,2,0,1,0,Python,0,0,0,0
2026-07-13,Latency-Throughput-Simulation-Test,1,0,0,0,Python,0,0,0,0
2026-07-13,LeetCode-Practice-Record,1,0,1,0,Python,0,0,0,0
2026-07-13,LeetCode-Record-Sharing-Method,1,0,1,0,Python,1,1,0,0
2026-07-13,My-English-Learning-Journey,1,0,0,0,,0,0,0,0
2026-07-13,My-Win-Apps,1,0,0,0,PowerShell,32,3,50,31
2026-07-13,NGROK-Dockerization,1,0,1,0,Python,0,0,0,0
2026-07-13,NVDA-Price-Stock-Prediction,1,0,1,0,Python,0,0,0,0
2026-07-13,One-Click-Database-Deployment,1,0,1,0,Python,0,0,0,0
2026-07-13,Other,1,0,1,0,Python,0,0,0,0
2026-07-13,PC-Activity-Tracker,1,0,0,0,Python,0,0,22,11
2026-07-13,PC-Bot-With-GenAI,4,0,1,0,Python,1,1,0,0
2026-07-13,PG-APP-Core,1,0,0,0,Python,0,0,1,1
2026-07-13,PG-Airflow-DAGs,1,0,0,0,Python,0,0,0,0
2026-07-13,PG-Analytics,1,0,0,0,Python,0,0,5,4
2026-07-13,PG-Core,1,0,0,0,,1,1,1,1
2026-07-13,PG-Cortex,1,0,0,0,,0,0,0,0
2026-07-13,PG-Edge-Container,1,0,0,0,Makefile,0,0,0,0
2026-07-13,PG-Infrastructure,1,0,0,0,Makefile,0,0,30,2
2026-07-13,PG-Sentinel,1,0,0,0,,0,0,0,0
2026-07-13,PG-Shared-Lib,1,0,0,0,Python,0,0,0,0
2026-07-13,PG-Synapse,1,0,0,0,,0,0,0,0
2026-07-13,Parsing-Media-From-JVID,8,3,1,1,Python,9,7,1,1
2026-07-13,Parsing-Media-From-PornHub,3,1,1,0,Python,0,0,0,0
2026-07-13,Platform-Genesis,3,0,0,0,Makefile,7,2,12,3
2026-07-13,RAG-With-LangChain-And-FAISS,1,0,1,0,Jupyter Notebook,0,0,0,0
2026-07-13,RESTful-API-FastAPI,1,0,1,0,Python,0,0,0,0
2026-07-13,ROI-Tool,1,0,1,0,Python,0,0,0,0
2026-07-13,The-First-PHP-Login-System,2,0,1,0,CSS,0,0,0,0
2026-07-13,Using-Streamlit-Create-Dashboard,1,0,1,0,Python,0,0,0,0
2026-07-13,Web-Crawler-Download-Img,1,0,1,0,Python,1,1,0,0
2026-07-13,Web-Crawler-FamilyMart-Shop,1,0,1,0,Python,0,0,0,0
2026-07-13,Web-Crawler-News,1,0,1,0,Python,0,0,0,0
2026-07-13,github-readme-terminal,1,0,0,0,,0,0,0,0
2026-07-14,Activity-Tracker,2,0,0,0,Python,0,0,0,0
2026-07-14,Airflow-E2E-DevEnv,1,0,0,0,Python,0,0,0,0
2026-07-14,Airflow-Template,1,0,1,0,Python,0,0,0,0
2026-07-14,Ansible-Deploy-To-Edge,1,0,0,0,Python,0,0,0,0
2026-07-14,CAED,1,0,0,0,Python,0,0,0,0
2026-07-14,Cloudflare-Dockerization,1,0,1,0,Python,0,0,0,0
2026-07-14,Crawler-Keywords-And-Use-LineBot,1,0,1,0,Python,0,0,0,0
2026-07-14,Database-Template,1,0,1,0,Python,0,0,0,0
2026-07-14,Docker-Registry-Server,1,0,0,0,,0,0,0,0
2026-07-14,Downloads-YouTube-To-MP3-4,3,0,1,0,Python,0,0,0,0
2026-07-14,Forex-Get-Quotes,3,0,1,0,Python,0,0,0,0
2026-07-14,How-To-Use-Clone-Shields,2,0,1,0,Python,0,0,0,0
2026-07-14,Junwu0615,1,0,1,0,Python,1,1,26,15
2026-07-14,Junwu0615-Analytics,1,0,0,0,Python,14,2,33,22
2026-07-14,Junwu0615.github.io,1,0,1,0,HTML,0,0,0,0
2026-07-14,LCII-Rec-Model,2,0,1,0,Python,0,0,2,1
2026-07-14,Latency-Throughput-Simulation-Test,1,0,0,0,Python,0,0,0,0
2026-07-14,LeetCode-Practice-Record,1,0,1,0,Python,0,0,0,0
2026-07-14,LeetCode-Record-Sharing-Method,1,0,1,0,Python,0,0,0,0
2026-07-14,My-English-Learning-Journey,1,0,0,0,,0,0,1,1
2026-07-14,My-Win-Apps,1,0,0,0,PowerShell,66,4,104,54
2026-07-14,NGROK-Dockerization,1,0,1,0,Python,0,0,0,0
2026-07-14,NVDA-Price-Stock-Prediction,1,0,1,0,Python,0,0,0,0
2026-07-14,One-Click-Database-Deployment,1,0,1,0,Python,0,0,0,0
2026-07-14,Other,1,0,1,0,Python,0,0,0,0
2026-07-14,PC-Activity-Tracker,1,0,0,0,Python,0,0,34,19
2026-07-14,PC-Bot-With-GenAI,4,0,1,0,Python,0,0,0,0
2026-07-14,PG-APP-Core,1,0,0,0,Python,2,1,2,2
2026-07-14,PG-Airflow-DAGs,1,0,0,0,Python,2,1,1,1
2026-07-14,PG-Analytics,1,0,0,0,Python,2,1,5,5
2026-07-14,PG-Core,1,0,0,0,,3,2,4,4
2026-07-14,PG-Cortex,1,0,0,0,,2,1,2,2
2026-07-14,PG-Edge-Container,1,0,0,0,Makefile,2,1,4,2
2026-07-14,PG-Infrastructure,1,0,0,0,Makefile,2,1,2,2
2026-07-14,PG-Sentinel,1,0,0,0,,2,1,3,3
2026-07-14,PG-Shared-Lib,1,0,0,0,Python,2,1,1,1
2026-07-14,PG-Synapse,1,0,0,0,,2,1,3,3
2026-07-14,Parsing-Media-From-JVID,8,3,1,1,Python,6,6,1,1
2026-07-14,Parsing-Media-From-PornHub,3,1,1,0,Python,0,0,0,0
2026-07-14,Platform-Genesis,3,0,0,0,Makefile,10,2,3,2
2026-07-14,RAG-With-LangChain-And-FAISS,1,0,1,0,Jupyter Notebook,0,0,0,0
2026-07-14,RESTful-API-FastAPI,1,0,1,0,Python,0,0,0,0
2026-07-14,ROI-Tool,1,0,1,0,Python,0,0,0,0
2026-07-14,The-First-PHP-Login-System,2,0,1,0,CSS,0,0,0,0
2026-07-14,Using-Streamlit-Create-Dashboard,1,0,1,0,Python,0,0,0,0
2026-07-14,Web-Crawler-Download-Img,1,0,1,0,Python,0,0,0,0
2026-07-14,Web-Crawler-FamilyMart-Shop,1,0,1,0,Python,0,0,0,0
2026-07-14,Web-Crawler-News,1,0,1,0,Python,0,0,0,0
2026-07-14,github-readme-terminal,1,0,0,0,,0,0,0,0
2026-07-15,Activity-Tracker,2,0,0,0,Python,0,0,0,0
2026-07-15,Airflow-E2E-DevEnv,1,0,0,0,Python,0,0,0,0
2026-07-15,Airflow-Template,1,0,1,0,Python,0,0,0,0
2026-07-15,Ansible-Deploy-To-Edge,1,0,0,0,Python,0,0,0,0
2026-07-15,CAED,1,0,0,0,Python,0,0,0,0
2026-07-15,Cloudflare-Dockerization,1,0,1,0,Python,0,0,0,0
2026-07-15,Crawler-Keywords-And-Use-LineBot,1,0,1,0,Python,0,0,0,0
2026-07-15,Database-Template,1,0,1,0,Python,0,0,0,0
2026-07-15,Docker-Registry-Server,1,0,0,0,,0,0,0,0
2026-07-15,Downloads-YouTube-To-MP3-4,3,0,1,0,Python,1,1,0,0
2026-07-15,Forex-Get-Quotes,3,0,1,0,Python,0,0,0,0
2026-07-15,How-To-Use-Clone-Shields,2,0,1,0,Python,0,0,0,0
2026-07-15,Junwu0615,1,0,1,0,Python,5,2,37,17
2026-07-15,Junwu0615-Analytics,1,0,0,0,Python,0,0,7,4
2026-07-15,Junwu0615.github.io,1,0,1,0,HTML,0,0,0,0
2026-07-15,LCII-Rec-Model,2,0,1,0,Python,0,0,0,0
2026-07-15,Latency-Throughput-Simulation-Test,1,0,0,0,Python,0,0,0,0
2026-07-15,LeetCode-Practice-Record,1,0,1,0,Python,0,0,0,0
2026-07-15,LeetCode-Record-Sharing-Method,1,0,1,0,Python,0,0,0,0
2026-07-15,My-English-Learning-Journey,1,0,0,0,,0,0,0,0
2026-07-15,My-Win-Apps,1,0,0,0,PowerShell,48,5,48,26
2026-07-15,NGROK-Dockerization,1,0,1,0,Python,0,0,0,0
2026-07-15,NVDA-Price-Stock-Prediction,1,0,1,0,Python,0,0,0,0
2026-07-15,One-Click-Database-Deployment,1,0,1,0,Python,0,0,0,0
2026-07-15,Other,1,0,1,0,Python,0,0,0,0
2026-07-15,PC-Activity-Tracker,1,0,0,0,Python,0,0,40,18
2026-07-15,PC-Bot-With-GenAI,4,0,1,0,Python,0,0,0,0
2026-07-15,PG-APP-Core,1,0,0,0,Python,0,0,1,1
2026-07-15,PG-Airflow-DAGs,1,0,0,0,Python,0,0,1,1
2026-07-15,PG-Analytics,1,0,0,0,Python,0,0,3,3
2026-07-15,PG-Core,1,0,0,0,,0,0,1,1
2026-07-15,PG-Cortex,1,0,0,0,,0,0,2,2
2026-07-15,PG-Edge-Container,1,0,0,0,Makefile,0,0,1,1
2026-07-15,PG-Infrastructure,1,0,0,0,Makefile,0,0,1,1
2026-07-15,PG-Sentinel,1,0,0,0,,0,0,1,1
2026-07-15,PG-Shared-Lib,1,0,0,0,Python,0,0,1,1
2026-07-15,PG-Synapse,1,0,0,0,,0,0,1,1
2026-07-15,Parsing-Media-From-JVID,10,4,1,0,Python,6,6,0,0
2026-07-15,Parsing-Media-From-PornHub,3,1,1,0,Python,0,0,0,0
2026-07-15,Platform-Genesis,3,0,0,0,Makefile,2,1,5,3
2026-07-15,RAG-With-LangChain-And-FAISS,1,0,1,0,Jupyter Notebook,0,0,0,0
2026-07-15,RESTful-API-FastAPI,1,0,1,0,Python,0,0,0,0
2026-07-15,ROI-Tool,1,0,1,0,Python,0,0,0,0
2026-07-15,The-First-PHP-Login-System,2,0,1,0,CSS,0,0,0,0
2026-07-15,Using-Streamlit-Create-Dashboard,1,0,1,0,Python,3,1,0,0
2026-07-15,Web-Crawler-Download-Img,1,0,1,0,Python,0,0,0,0
2026-07-15,Web-Crawler-FamilyMart-Shop,1,0,1,0,Python,0,0,0,0
2026-07-15,Web-Crawler-News,1,0,1,0,Python,0,0,0,0
2026-07-15,github-readme-terminal,1,0,0,0,,0,0,0,0
2026-07-16,Activity-Tracker,2,0,0,0,Python,0,0,0,0
2026-07-16,Airflow-E2E-DevEnv,1,0,0,0,Python,0,0,1,1
2026-07-16,Airflow-Template,1,0,1,0,Python,0,0,0,0
2026-07-16,Ansible-Deploy-To-Edge,1,0,0,0,Python,0,0,0,0
2026-07-16,CAED,1,0,0,0,Python,0,0,0,0
2026-07-16,Cloudflare-Dockerization,1,0,1,0,Python,0,0,0,0
2026-07-16,Crawler-Keywords-And-Use-LineBot,1,0,1,0,Python,0,0,0,0
2026-07-16,Database-Template,1,0,1,0,Python,2,1,1,1
2026-07-16,Docker-Registry-Server,1,0,0,0,,0,0,0,0
2026-07-16,Downloads-YouTube-To-MP3-4,3,0,1,0,Python,1,1,0,0
2026-07-16,Forex-Get-Quotes,3,0,1,0,Python,0,0,0,0
2026-07-16,How-To-Use-Clone-Shields,2,0,1,0,Python,0,0,0,0
2026-07-16,Junwu0615,1,0,1,0,Python,0,0,31,15
2026-07-16,Junwu0615-Analytics,1,0,0,0,Python,1,1,7,4
2026-07-16,Junwu0615.github.io,1,0,1,0,HTML,0,0,0,0
2026-07-16,LCII-Rec-Model,2,0,1,0,Python,0,0,0,0
2026-07-16,Latency-Throughput-Simulation-Test,1,0,0,0,Python,0,0,0,0
2026-07-16,LeetCode-Practice-Record,1,0,1,0,Python,0,0,0,0
2026-07-16,LeetCode-Record-Sharing-Method,1,0,1,0,Python,0,0,1,1
2026-07-16,My-English-Learning-Journey,1,0,0,0,,0,0,0,0
2026-07-16,My-Win-Apps,1,0,0,0,PowerShell,73,3,19,9
2026-07-16,NGROK-Dockerization,1,0,1,0,Python,0,0,0,0
2026-07-16,NVDA-Price-Stock-Prediction,1,0,1,0,Python,0,0,0,0
2026-07-16,One-Click-Database-Deployment,1,0,1,0,Python,0,0,0,0
2026-07-16,Other,1,0,1,0,Python,0,0,0,0
2026-07-16,PC-Activity-Tracker,1,0,0,0,Python,0,0,25,15
2026-07-16,PC-Bot-With-GenAI,4,0,1,0,Python,0,0,0,0
2026-07-16,PG-APP-Core,1,0,0,0,Python,0,0,1,1
2026-07-16,PG-Airflow-DAGs,1,0,0,0,Python,0,0,0,0
2026-07-16,PG-Analytics,1,0,0,0,Python,0,0,8,5
2026-07-16,PG-Core,1,0,0,0,,0,0,1,1
2026-07-16,PG-Cortex,1,0,0,0,,0,0,0,0
2026-07-16,PG-Edge-Container,1,0,0,0,Makefile,0,0,0,0
2026-07-16,PG-Infrastructure,1,0,0,0,Makefile,0,0,1,1
2026-07-16,PG-Sentinel,1,0,0,0,,0,0,0,0
2026-07-16,PG-Shared-Lib,1,0,0,0,Python,0,0,0,0
2026-07-16,PG-Synapse,1,0,0,0,,0,0,0,0
2026-07-16,Parsing-Media-From-JVID,10,4,1,0,Python,8,8,1,1
2026-07-16,Parsing-Media-From-PornHub,3,1,1,0,Python,0,0,0,0
2026-07-16,Platform-Genesis,3,0,0,0,Makefile,15,2,24,6
2026-07-16,RAG-With-LangChain-And-FAISS,1,0,1,0,Jupyter Notebook,0,0,0,0
2026-07-16,RESTful-API-FastAPI,1,0,1,0,Python,0,0,0,0
2026-07-16,ROI-Tool,1,0,1,0,Python,0,0,0,0
2026-07-16,The-First-PHP-Login-System,2,0,1,0,CSS,0,0,0,0
2026-07-16,Using-Streamlit-Create-Dashboard,1,0,1,0,Python,0,0,0,0
2026-07-16,Web-Crawler-Download-Img,1,0,1,0,Python,0,0,0,0
2026-07-16,Web-Crawler-FamilyMart-Shop,1,0,1,0,Python,0,0,0,0
2026-07-16,Web-Crawler-News,1,0,1,0,Python,0,0,0,0
2026-07-16,github-readme-terminal,1,0,0,0,,0,0,0,0
2026-07-17,Activity-Tracker,2,0,0,0,Python,0,0,0,0
2026-07-17,Airflow-E2E-DevEnv,1,0,0,0,Python,0,0,0,0
2026-07-17,Airflow-Template,1,0,1,0,Python,0,0,0,0
2026-07-17,Ansible-Deploy-To-Edge,1,0,0,0,Python,0,0,0,0
2026-07-17,CAED,1,0,0,0,Python,0,0,0,0
2026-07-17,Cloudflare-Dockerization,1,0,1,0,Python,0,0,0,0
2026-07-17,Crawler-Keywords-And-Use-LineBot,1,0,1,0,Python,0,0,1,1
2026-07-17,Database-Template,1,0,1,0,Python,0,0,0,0
2026-07-17,Docker-Registry-Server,1,0,0,0,,0,0,0,0
2026-07-17,Downloads-YouTube-To-MP3-4,3,0,1,0,Python,0,0,0,0
2026-07-17,Forex-Get-Quotes,3,0,1,0,Python,0,0,0,0
2026-07-17,How-To-Use-Clone-Shields,2,0,1,0,Python,0,0,0,0
2026-07-17,Junwu0615,1,0,1,0,Python,0,0,5,4
2026-07-17,Junwu0615-Analytics,1,0,0,0,Python,0,0,2,2
2026-07-17,Junwu0615.github.io,1,0,1,0,HTML,0,0,0,0
2026-07-17,LCII-Rec-Model,2,0,1,0,Python,0,0,0,0
2026-07-17,Latency-Throughput-Simulation-Test,1,0,0,0,Python,0,0,0,0
2026-07-17,LeetCode-Practice-Record,1,0,1,0,Python,0,0,0,0
2026-07-17,LeetCode-Record-Sharing-Method,1,0,1,0,Python,0,0,0,0
2026-07-17,My-English-Learning-Journey,1,0,0,0,,0,0,0,0
2026-07-17,My-Win-Apps,1,0,0,0,PowerShell,10,4,4,4
2026-07-17,NGROK-Dockerization,1,0,1,0,Python,0,0,0,0
2026-07-17,NVDA-Price-Stock-Prediction,1,0,1,0,Python,0,0,0,0
2026-07-17,One-Click-Database-Deployment,1,0,1,0,Python,0,0,0,0
2026-07-17,Other,1,0,1,0,Python,0,0,1,1
2026-07-17,PC-Activity-Tracker,1,0,0,0,Python,0,0,36,20
2026-07-17,PC-Bot-With-GenAI,4,0,1,0,Python,0,0,0,0
2026-07-17,PG-APP-Core,1,0,0,0,Python,0,0,0,0
2026-07-17,PG-Airflow-DAGs,1,0,0,0,Python,0,0,0,0
2026-07-17,PG-Analytics,1,0,0,0,Python,0,0,2,2
2026-07-17,PG-Core,1,0,0,0,,0,0,0,0
2026-07-17,PG-Cortex,1,0,0,0,,0,0,0,0
2026-07-17,PG-Edge-Container,1,0,0,0,Makefile,0,0,0,0
2026-07-17,PG-Infrastructure,1,0,0,0,Makefile,0,0,1,1
2026-07-17,PG-Sentinel,1,0,0,0,,0,0,0,0
2026-07-17,PG-Shared-Lib,1,0,0,0,Python,0,0,0,0
2026-07-17,PG-Synapse,1,0,0,0,,0,0,0,0
2026-07-17,Parsing-Media-From-JVID,10,4,1,0,Python,30,7,2,2
2026-07-17,Parsing-Media-From-PornHub,3,1,1,0,Python,0,0,0,0
2026-07-17,Platform-Genesis,3,0,0,0,Makefile,6,2,0,0
2026-07-17,RAG-With-LangChain-And-FAISS,1,0,1,0,Jupyter Notebook,0,0,0,0
2026-07-17,RESTful-API-FastAPI,1,0,1,0,Python,0,0,0,0
2026-07-17,ROI-Tool,1,0,1,0,Python,0,0,0,0
2026-07-17,The-First-PHP-Login-System,2,0,1,0,CSS,0,0,0,0
2026-07-17,Using-Streamlit-Create-Dashboard,1,0,1,0,Python,0,0,0,0
2026-07-17,Web-Crawler-Download-Img,1,0,1,0,Python,0,0,0,0
2026-07-17,Web-Crawler-FamilyMart-Shop,1,0,1,0,Python,0,0,0,0
2026-07-17,Web-Crawler-News,1,0,1,0,Python,0,0,0,0
2026-07-17,github-readme-terminal,1,0,0,0,,0,0,0,0
2026-07-18,Activity-Tracker,2,0,0,0,Python,0,0,2,2
2026-07-18,Airflow-E2E-DevEnv,1,0,0,0,Python,0,0,2,2
2026-07-18,Airflow-Template,1,0,1,0,Python,0,0,3,3
2026-07-18,Ansible-Deploy-To-Edge,1,0,0,0,Python,0,0,2,2
2026-07-18,CAED,1,0,0,0,Python,0,0,1,1
2026-07-18,Cloudflare-Dockerization,1,0,1,0,Python,0,0,3,3
2026-07-18,Crawler-Keywords-And-Use-LineBot,1,0,1,0,Python,0,0,3,3
2026-07-18,Database-Template,1,0,1,0,Python,0,0,2,2
2026-07-18,Docker-Registry-Server,1,0,0,0,,0,0,2,2
2026-07-18,Downloads-YouTube-To-MP3-4,3,0,1,0,Python,0,0,2,2
2026-07-18,Forex-Get-Quotes,3,0,1,0,Python,0,0,2,2
2026-07-18,How-To-Use-Clone-Shields,2,0,1,0,Python,0,0,2,2
2026-07-18,Junwu0615,1,0,1,0,Python,0,0,16,11
2026-07-18,Junwu0615-Analytics,1,0,0,0,Python,3,1,5,5
2026-07-18,Junwu0615.github.io,1,0,1,0,HTML,0,0,2,2
2026-07-18,LCII-Rec-Model,2,0,1,0,Python,0,0,21,3
2026-07-18,Latency-Throughput-Simulation-Test,1,0,0,0,Python,0,0,2,2
2026-07-18,LeetCode-Practice-Record,1,0,1,0,Python,0,0,2,2
2026-07-18,LeetCode-Record-Sharing-Method,1,0,1,0,Python,0,0,2,2
2026-07-18,My-English-Learning-Journey,1,0,0,0,,0,0,2,2
2026-07-18,My-Win-Apps,1,0,0,0,PowerShell,64,3,41,27
2026-07-18,NGROK-Dockerization,1,0,1,0,Python,0,0,2,2
2026-07-18,NVDA-Price-Stock-Prediction,1,0,1,0,Python,0,0,3,3
2026-07-18,One-Click-Database-Deployment,1,0,1,0,Python,0,0,2,2
2026-07-18,Other,1,0,1,0,Python,0,0,2,2
2026-07-18,PC-Activity-Tracker,1,0,0,0,Python,0,0,19,12
2026-07-18,PC-Bot-With-GenAI,4,0,1,0,Python,0,0,2,2
2026-07-18,PG-APP-Core,1,0,0,0,Python,0,0,2,2
2026-07-18,PG-Airflow-DAGs,1,0,0,0,Python,0,0,2,2
2026-07-18,PG-Analytics,1,0,0,0,Python,0,0,9,6
2026-07-18,PG-Core,1,0,0,0,,0,0,2,2
2026-07-18,PG-Cortex,1,0,0,0,,0,0,2,2
2026-07-18,PG-Edge-Container,1,0,0,0,Makefile,0,0,2,2
2026-07-18,PG-Infrastructure,1,0,0,0,Makefile,0,0,3,3
2026-07-18,PG-Sentinel,1,0,0,0,,0,0,2,2
2026-07-18,PG-Shared-Lib,1,0,0,0,Python,0,0,2,2
2026-07-18,PG-Synapse,1,0,0,0,,0,0,2,2
2026-07-18,Parsing-Media-From-JVID,10,4,1,0,Python,6,4,3,3
2026-07-18,Parsing-Media-From-PornHub,3,1,1,0,Python,0,0,2,2
2026-07-18,Platform-Genesis,3,0,0,0,Makefile,3,1,3,3
2026-07-18,RAG-With-LangChain-And-FAISS,1,0,1,0,Jupyter Notebook,0,0,2,2
2026-07-18,RESTful-API-FastAPI,1,0,1,0,Python,0,0,2,2
2026-07-18,ROI-Tool,1,0,1,0,Python,0,0,3,3
2026-07-18,The-First-PHP-Login-System,2,0,1,0,CSS,0,0,2,2
2026-07-18,Using-Streamlit-Create-Dashboard,1,0,1,0,Python,0,0,2,2
2026-07-18,Web-Crawler-Download-Img,1,0,1,0,Python,0,0,2,2
2026-07-18,Web-Crawler-FamilyMart-Shop,1,0,1,0,Python,0,0,2,2
2026-07-18,Web-Crawler-News,1,0,1,0,Python,0,0,3,3
2026-07-18,github-readme-terminal,1,0,0,0,,0,0,2,2
2026-07-19,Activity-Tracker,2,0,0,0,Python,0,0,0,0
2026-07-19,Airflow-E2E-DevEnv,1,0,0,0,Python,0,0,0,0
2026-07-19,Airflow-Template,1,0,1,0,Python,0,0,0,0
2026-07-19,Ansible-Deploy-To-Edge,1,0,0,0,Python,0,0,0,0
2026-07-19,CAED,1,0,0,0,Python,0,0,0,0
2026-07-19,Cloudflare-Dockerization,1,0,1,0,Python,0,0,0,0
2026-07-19,Crawler-Keywords-And-Use-LineBot,1,0,1,0,Python,0,0,0,0
2026-07-19,Database-Template,1,0,1,0,Python,0,0,0,0
2026-07-19,Docker-Registry-Server,1,0,0,0,,0,0,0,0
2026-07-19,Downloads-YouTube-To-MP3-4,3,0,1,0,Python,0,0,0,0
2026-07-19,Forex-Get-Quotes,3,0,1,0,Python,0,0,0,0
2026-07-19,How-To-Use-Clone-Shields,2,0,1,0,Python,0,0,0,0
2026-07-19,Junwu0615,1,0,1,0,Python,27,1,38,21
2026-07-19,Junwu0615-Analytics,1,0,0,0,Python,4,1,9,6
2026-07-19,Junwu0615.github.io,1,0,1,0,HTML,0,0,0,0
2026-07-19,LCII-Rec-Model,2,0,1,0,Python,0,0,19,1
2026-07-19,Latency-Throughput-Simulation-Test,1,0,0,0,Python,0,0,0,0
2026-07-19,LeetCode-Practice-Record,1,0,1,0,Python,0,0,0,0
2026-07-19,LeetCode-Record-Sharing-Method,1,0,1,0,Python,0,0,0,0
2026-07-19,My-English-Learning-Journey,1,0,0,0,,0,0,0,0
2026-07-19,My-Win-Apps,1,0,0,0,PowerShell,31,2,3,2
2026-07-19,NGROK-Dockerization,1,0,1,0,Python,0,0,0,0
2026-07-19,NVDA-Price-Stock-Prediction,1,0,1,0,Python,0,0,0,0
2026-07-19,One-Click-Database-Deployment,1,0,1,0,Python,1,1,0,0
2026-07-19,Other,1,0,1,0,Python,0,0,0,0
2026-07-19,PC-Activity-Tracker,1,0,0,0,Python,0,0,19,11
2026-07-19,PC-Bot-With-GenAI,4,0,1,0,Python,0,0,0,0
2026-07-19,PG-APP-Core,1,0,0,0,Python,0,0,0,0
2026-07-19,PG-Airflow-DAGs,1,0,0,0,Python,0,0,0,0
2026-07-19,PG-Analytics,1,0,0,0,Python,0,0,11,7
2026-07-19,PG-Core,1,0,0,0,,0,0,0,0
2026-07-19,PG-Cortex,1,0,0,0,,0,0,0,0
2026-07-19,PG-Edge-Container,1,0,0,0,Makefile,0,0,0,0
2026-07-19,PG-Infrastructure,1,0,0,0,Makefile,0,0,0,0
2026-07-19,PG-Sentinel,1,0,0,0,,0,0,0,0
2026-07-19,PG-Shared-Lib,1,0,0,0,Python,0,0,0,0
2026-07-19,PG-Synapse,1,0,0,0,,0,0,0,0
2026-07-19,Parsing-Media-From-JVID,10,4,1,0,Python,5,4,1,1
2026-07-19,Parsing-Media-From-PornHub,3,1,1,0,Python,0,0,0,0
2026-07-19,Platform-Genesis,3,0,0,0,Makefile,12,3,1,1
2026-07-19,RAG-With-LangChain-And-FAISS,1,0,1,0,Jupyter Notebook,0,0,0,0
2026-07-19,RESTful-API-FastAPI,1,0,1,0,Python,0,0,0,0
2026-07-19,ROI-Tool,1,0,1,0,Python,0,0,0,0
2026-07-19,The-First-PHP-Login-System,2,0,1,0,CSS,0,0,0,0
2026-07-19,Using-Streamlit-Create-Dashboard,1,0,1,0,Python,0,0,0,0
2026-07-19,Web-Crawler-Download-Img,1,0,1,0,Python,0,0,0,0
2026-07-19,Web-Crawler-FamilyMart-Shop,1,0,1,0,Python,0,0,0,0
2026-07-19,Web-Crawler-News,1,0,1,0,Python,0,0,0,0
2026-07-19,github-readme-terminal,1,0,0,0,,0,0,0,0
2026-07-20,Activity-Tracker,2,0,0,0,Python,0,0,0,0
2026-07-20,Airflow-E2E-DevEnv,1,0,0,0,Python,0,0,1,1
2026-07-20,Airflow-Template,1,0,1,0,Python,0,0,0,0
2026-07-20,Ansible-Deploy-To-Edge,1,0,0,0,Python,0,0,1,1
2026-07-20,CAED,1,0,0,0,Python,0,0,0,0
2026-07-20,Cloudflare-Dockerization,1,0,1,0,Python,0,0,0,0
2026-07-20,Crawler-Keywords-And-Use-LineBot,1,0,1,0,Python,0,0,0,0
2026-07-20,Database-Template,1,0,1,0,Python,0,0,0,0
2026-07-20,Docker-Registry-Server,1,0,0,0,,0,0,0,0
2026-07-20,Downloads-YouTube-To-MP3-4,3,0,1,0,Python,1,1,0,0
2026-07-20,Forex-Get-Quotes,3,0,1,0,Python,0,0,0,0
2026-07-20,How-To-Use-Clone-Shields,2,0,1,0,Python,0,0,2,2
2026-07-20,Junwu0615,1,0,1,0,Python,0,0,27,16
2026-07-20,Junwu0615-Analytics,1,0,0,0,Python,0,0,2,2
2026-07-20,Junwu0615.github.io,1,0,1,0,HTML,0,0,0,0
2026-07-20,LCII-Rec-Model,2,0,1,0,Python,0,0,0,0
2026-07-20,Latency-Throughput-Simulation-Test,1,0,0,0,Python,0,0,0,0
2026-07-20,LeetCode-Practice-Record,1,0,1,0,Python,0,0,0,0
2026-07-20,LeetCode-Record-Sharing-Method,1,0,1,0,Python,0,0,1,1
2026-07-20,My-English-Learning-Journey,1,0,0,0,,0,0,0,0
2026-07-20,My-Win-Apps,1,0,0,0,PowerShell,16,2,1,1
2026-07-20,NGROK-Dockerization,1,0,1,0,Python,0,0,0,0
2026-07-20,NVDA-Price-Stock-Prediction,1,0,1,0,Python,0,0,0,0
2026-07-20,One-Click-Database-Deployment,1,0,1,0,Python,0,0,1,1
2026-07-20,Other,1,0,1,0,Python,9,1,4,4
2026-07-20,PC-Activity-Tracker,1,0,0,0,Python,16,1,31,16
2026-07-20,PC-Bot-With-GenAI,4,0,1,0,Python,2,1,0,0
2026-07-20,PG-APP-Core,1,0,0,0,Python,0,0,3,3
2026-07-20,PG-Airflow-DAGs,1,0,0,0,Python,0,0,0,0
2026-07-20,PG-Analytics,1,0,0,0,Python,1,1,13,8
2026-07-20,PG-Core,1,0,0,0,,6,2,8,5
2026-07-20,PG-Cortex,1,0,0,0,,0,0,1,1
2026-07-20,PG-Edge-Container,1,0,0,0,Makefile,0,0,0,0
2026-07-20,PG-Infrastructure,1,0,0,0,Makefile,5,1,19,12
2026-07-20,PG-Sentinel,1,0,0,0,,0,0,1,1
2026-07-20,PG-Shared-Lib,1,0,0,0,Python,1,1,5,2
2026-07-20,PG-Synapse,1,0,0,0,,0,0,2,2
2026-07-20,Parsing-Media-From-JVID,10,4,1,0,Python,12,7,1,1
2026-07-20,Parsing-Media-From-PornHub,3,1,1,0,Python,1,1,0,0
2026-07-20,Platform-Genesis,3,0,0,0,Makefile,24,3,38,23
2026-07-20,RAG-With-LangChain-And-FAISS,1,0,1,0,Jupyter Notebook,0,0,0,0
2026-07-20,RESTful-API-FastAPI,1,0,1,0,Python,0,0,0,0
2026-07-20,ROI-Tool,1,0,1,0,Python,0,0,0,0
2026-07-20,The-First-PHP-Login-System,2,0,1,0,CSS,0,0,0,0
2026-07-20,Using-Streamlit-Create-Dashboard,1,0,1,0,Python,0,0,0,0
2026-07-20,Web-Crawler-Download-Img,1,0,1,0,Python,0,0,0,0
2026-07-20,Web-Crawler-FamilyMart-Shop,1,0,1,0,Python,0,0,0,0
2026-07-20,Web-Crawler-News,1,0,1,0,Python,0,0,0,0
2026-07-20,github-readme-terminal,1,0,0,0,,0,0,0,0
2026-07-21,Activity-Tracker,2,0,0,0,Python,0,0,0,0
2026-07-21,Airflow-E2E-DevEnv,1,0,0,0,Python,0,0,0,0
2026-07-21,Airflow-Template,1,0,1,0,Python,0,0,0,0
2026-07-21,Ansible-Deploy-To-Edge,1,0,0,0,Python,0,0,0,0
2026-07-21,CAED,1,0,0,0,Python,0,0,0,0
2026-07-21,Cloudflare-Dockerization,1,0,1,0,Python,0,0,0,0
2026-07-21,Crawler-Keywords-And-Use-LineBot,1,0,1,0,Python,0,0,0,0
2026-07-21,Database-Template,1,0,1,0,Python,0,0,0,0
2026-07-21,Docker-Registry-Server,1,0,0,0,,1,1,0,0
2026-07-21,Downloads-YouTube-To-MP3-4,3,0,1,0,Python,0,0,0,0
2026-07-21,Forex-Get-Quotes,3,0,1,0,Python,0,0,0,0
2026-07-21,How-To-Use-Clone-Shields,2,0,1,0,Python,0,0,0,0
2026-07-21,Junwu0615,1,0,1,0,Python,0,0,26,17
2026-07-21,Junwu0615-Analytics,1,0,0,0,Python,0,0,3,3
2026-07-21,Junwu0615.github.io,1,0,1,0,HTML,0,0,0,0
2026-07-21,LCII-Rec-Model,2,0,1,0,Python,0,0,0,0
2026-07-21,Latency-Throughput-Simulation-Test,1,0,0,0,Python,0,0,0,0
2026-07-21,LeetCode-Practice-Record,1,0,1,0,Python,0,0,0,0
2026-07-21,LeetCode-Record-Sharing-Method,1,0,1,0,Python,0,0,1,1
2026-07-21,My-English-Learning-Journey,1,0,0,0,,0,0,0,0
2026-07-21,My-Win-Apps,1,0,0,0,PowerShell,5,2,0,0
2026-07-21,NGROK-Dockerization,1,0,1,0,Python,0,0,0,0
2026-07-21,NVDA-Price-Stock-Prediction,1,0,1,0,Python,2,2,0,0
2026-07-21,One-Click-Database-Deployment,1,0,1,0,Python,0,0,1,1
2026-07-21,Other,1,0,1,0,Python,3,1,1,1
2026-07-21,PC-Activity-Tracker,1,0,0,0,Python,0,0,36,17
2026-07-21,PC-Bot-With-GenAI,4,0,1,0,Python,0,0,0,0
2026-07-21,PG-APP-Core,1,0,0,0,Python,0,0,9,5
2026-07-21,PG-Airflow-DAGs,1,0,0,0,Python,0,0,0,0
2026-07-21,PG-Analytics,1,0,0,0,Python,0,0,2,2
2026-07-21,PG-Core,1,0,0,0,,18,3,14,8
2026-07-21,PG-Cortex,1,0,0,0,,0,0,0,0
2026-07-21,PG-Edge-Container,1,0,0,0,Makefile,0,0,2,2
2026-07-21,PG-Infrastructure,1,0,0,0,Makefile,14,1,1,1
2026-07-21,PG-Sentinel,1,0,0,0,,0,0,0,0
2026-07-21,PG-Shared-Lib,1,0,0,0,Python,0,0,2,2
2026-07-21,PG-Synapse,1,0,0,0,,0,0,0,0
2026-07-21,Parsing-Media-From-JVID,10,4,1,0,Python,5,5,0,0
2026-07-21,Parsing-Media-From-PornHub,3,1,1,0,Python,1,1,0,0
2026-07-21,Platform-Genesis,3,0,0,0,Makefile,40,5,31,20
2026-07-21,RAG-With-LangChain-And-FAISS,1,0,1,0,Jupyter Notebook,0,0,0,0
2026-07-21,RESTful-API-FastAPI,1,0,1,0,Python,1,1,0,0
2026-07-21,ROI-Tool,1,0,1,0,Python,0,0,0,0
2026-07-21,The-First-PHP-Login-System,2,0,1,0,CSS,0,0,0,0
2026-07-21,Using-Streamlit-Create-Dashboard,1,0,1,0,Python,0,0,0,0
2026-07-21,Web-Crawler-Download-Img,1,0,1,0,Python,0,0,0,0
2026-07-21,Web-Crawler-FamilyMart-Shop,1,0,1,0,Python,0,0,1,1
2026-07-21,Web-Crawler-News,1,0,1,0,Python,0,0,0,0
2026-07-21,github-readme-terminal,1,0,0,0,,0,0,0,0
2026-07-22,Activity-Tracker,2,0,0,0,Python,0,0,0,0
2026-07-22,Airflow-E2E-DevEnv,1,0,0,0,Python,0,0,0,0
2026-07-22,Airflow-Template,1,0,1,0,Python,0,0,0,0
2026-07-22,Ansible-Deploy-To-Edge,1,0,0,0,Python,0,0,1,1
2026-07-22,CAED,1,0,0,0,Python,0,0,0,0
2026-07-22,Cloudflare-Dockerization,1,0,1,0,Python,0,0,0,0
2026-07-22,Crawler-Keywords-And-Use-LineBot,1,0,1,0,Python,0,0,0,0
2026-07-22,Database-Template,1,0,1,0,Python,0,0,1,1
2026-07-22,Docker-Registry-Server,1,0,0,0,,0,0,0,0
2026-07-22,Downloads-YouTube-To-MP3-4,3,0,1,0,Python,0,0,1,1
2026-07-22,Forex-Get-Quotes,3,0,1,0,Python,0,0,0,0
2026-07-22,How-To-Use-Clone-Shields,2,0,1,0,Python,0,0,0,0
2026-07-22,Junwu0615,1,0,1,0,Python,0,0,23,14
2026-07-22,Junwu0615-Analytics,1,0,0,0,Python,8,1,13,7
2026-07-22,Junwu0615.github.io,1,0,1,0,HTML,1,1,0,0
2026-07-22,LCII-Rec-Model,2,0,1,0,Python,0,0,0,0
2026-07-22,Latency-Throughput-Simulation-Test,1,0,0,0,Python,1,1,0,0
2026-07-22,LeetCode-Practice-Record,1,0,1,0,Python,0,0,0,0
2026-07-22,LeetCode-Record-Sharing-Method,1,0,1,0,Python,0,0,0,0
2026-07-22,My-English-Learning-Journey,1,0,0,0,,0,0,0,0
2026-07-22,My-Win-Apps,1,0,0,0,PowerShell,5,2,2,2
2026-07-22,NGROK-Dockerization,1,0,1,0,Python,0,0,0,0
2026-07-22,NVDA-Price-Stock-Prediction,1,0,1,0,Python,0,0,0,0
2026-07-22,One-Click-Database-Deployment,1,0,1,0,Python,0,0,0,0
2026-07-22,Other,1,0,1,0,Python,0,0,2,2
2026-07-22,PC-Activity-Tracker,1,0,0,0,Python,0,0,20,11
2026-07-22,PC-Bot-With-GenAI,4,0,1,0,Python,0,0,0,0
2026-07-22,PG-APP-Core,1,0,0,0,Python,2,2,13,6
2026-07-22,PG-Airflow-DAGs,1,0,0,0,Python,1,1,0,0
2026-07-22,PG-Analytics,1,0,0,0,Python,4,1,7,6
2026-07-22,PG-Core,1,0,0,0,,8,4,38,20
2026-07-22,PG-Cortex,1,0,0,0,,1,1,0,0
2026-07-22,PG-Edge-Container,1,0,0,0,Makefile,1,1,3,1
2026-07-22,PG-Infrastructure,1,0,0,0,Makefile,3,2,12,9
2026-07-22,PG-Sentinel,1,0,0,0,,1,1,0,0
2026-07-22,PG-Shared-Lib,1,0,0,0,Python,1,1,3,2
2026-07-22,PG-Synapse,1,0,0,0,,1,1,0,0
2026-07-22,Parsing-Media-From-JVID,10,4,1,0,Python,14,6,3,2
2026-07-22,Parsing-Media-From-PornHub,3,1,1,0,Python,0,0,0,0
2026-07-22,Platform-Genesis,3,0,0,0,Makefile,29,4,86,42
2026-07-22,RAG-With-LangChain-And-FAISS,1,0,1,0,Jupyter Notebook,0,0,1,1
2026-07-22,RESTful-API-FastAPI,1,0,1,0,Python,0,0,1,1
2026-07-22,ROI-Tool,1,0,1,0,Python,0,0,0,0
2026-07-22,The-First-PHP-Login-System,2,0,1,0,CSS,0,0,0,0
2026-07-22,Using-Streamlit-Create-Dashboard,1,0,1,0,Python,0,0,0,0
2026-07-22,Web-Crawler-Download-Img,1,0,1,0,Python,0,0,1,1
2026-07-22,Web-Crawler-FamilyMart-Shop,1,0,1,0,Python,0,0,0,0
2026-07-22,Web-Crawler-News,1,0,1,0,Python,0,0,0,0
2026-07-22,github-readme-terminal,1,0,0,0,,1,1,1,1
2026-07-23,Activity-Tracker,2,0,0,0,Python,0,0,0,0
2026-07-23,Airflow-E2E-DevEnv,1,0,0,0,Python,0,0,0,0
2026-07-23,Airflow-Template,1,0,1,0,Python,0,0,0,0
2026-07-23,Ansible-Deploy-To-Edge,1,0,0,0,Python,0,0,0,0
2026-07-23,CAED,1,0,0,0,Python,0,0,0,0
2026-07-23,Cloudflare-Dockerization,1,0,1,0,Python,0,0,0,0
2026-07-23,Crawler-Keywords-And-Use-LineBot,1,0,1,0,Python,0,0,0,0
2026-07-23,Database-Template,1,0,1,0,Python,0,0,1,1
2026-07-23,Docker-Registry-Server,1,0,0,0,,0,0,0,0
2026-07-23,Downloads-YouTube-To-MP3-4,3,0,1,0,Python,1,1,0,0
2026-07-23,Forex-Get-Quotes,3,0,1,0,Python,0,0,1,1
2026-07-23,How-To-Use-Clone-Shields,2,0,1,0,Python,0,0,0,0
2026-07-23,Junwu0615,1,0,1,0,Python,0,0,32,15
2026-07-23,Junwu0615-Analytics,1,0,0,0,Python,23,2,48,27
2026-07-23,Junwu0615.github.io,1,0,1,0,HTML,0,0,0,0
2026-07-23,LCII-Rec-Model,2,0,1,0,Python,0,0,1,1
2026-07-23,Latency-Throughput-Simulation-Test,1,0,0,0,Python,0,0,1,1
2026-07-23,LeetCode-Practice-Record,1,0,1,0,Python,0,0,0,0
2026-07-23,LeetCode-Record-Sharing-Method,1,0,1,0,Python,0,0,0,0
2026-07-23,My-English-Learning-Journey,1,0,0,0,,0,0,0,0
2026-07-23,My-Win-Apps,1,0,0,0,PowerShell,12,1,0,0
2026-07-23,NGROK-Dockerization,1,0,1,0,Python,0,0,1,1
2026-07-23,NVDA-Price-Stock-Prediction,1,0,1,0,Python,0,0,0,0
2026-07-23,One-Click-Database-Deployment,1,0,1,0,Python,0,0,1,1
2026-07-23,Other,1,0,1,0,Python,0,0,1,1
2026-07-23,PC-Activity-Tracker,1,0,0,0,Python,0,0,8,5
2026-07-23,PC-Bot-With-GenAI,4,0,1,0,Python,0,0,0,0
2026-07-23,PG-APP-Core,1,0,0,0,Python,14,1,3,3
2026-07-23,PG-Airflow-DAGs,1,0,0,0,Python,29,1,16,11
2026-07-23,PG-Analytics,1,0,0,0,Python,91,2,151,71
2026-07-23,PG-Core,1,0,0,0,,55,4,22,15
2026-07-23,PG-Cortex,1,0,0,0,,4,2,6,3
2026-07-23,PG-Edge-Container,1,0,0,0,Makefile,12,1,4,4
2026-07-23,PG-Infrastructure,1,0,0,0,Makefile,10,1,15,11
2026-07-23,PG-Sentinel,1,0,0,0,,3,2,2,2
2026-07-23,PG-Shared-Lib,1,0,0,0,Python,12,1,3,3
2026-07-23,PG-Synapse,1,0,0,0,,3,2,3,3
2026-07-23,Parsing-Media-From-JVID,10,4,1,0,Python,16,11,0,0
2026-07-23,Parsing-Media-From-PornHub,3,1,1,0,Python,0,0,0,0
2026-07-23,Platform-Genesis,3,0,0,0,Makefile,68,5,38,26
2026-07-23,RAG-With-LangChain-And-FAISS,1,0,1,0,Jupyter Notebook,0,0,1,1
2026-07-23,RESTful-API-FastAPI,1,0,1,0,Python,0,0,0,0
2026-07-23,ROI-Tool,1,0,1,0,Python,0,0,0,0
2026-07-23,The-First-PHP-Login-System,2,0,1,0,CSS,0,0,0,0
2026-07-23,Using-Streamlit-Create-Dashboard,1,0,1,0,Python,0,0,0,0
2026-07-23,Web-Crawler-Download-Img,1,0,1,0,Python,0,0,0,0
2026-07-23,Web-Crawler-FamilyMart-Shop,1,0,1,0,Python,0,0,0,0
2026-07-23,Web-Crawler-News,1,0,1,0,Python,0,0,0,0
2026-07-23,github-readme-terminal,1,0,0,0,,0,0,0,0
2026-07-24,Activity-Tracker,2,0,0,0,Python,0,0,1,1
2026-07-24,Airflow-E2E-DevEnv,1,0,0,0,Python,0,0,2,2
2026-07-24,Airflow-Template,1,0,1,0,Python,0,0,1,1
2026-07-24,Ansible-Deploy-To-Edge,1,0,0,0,Python,0,0,0,0
2026-07-24,CAED,1,0,0,0,Python,0,0,0,0
2026-07-24,Cloudflare-Dockerization,1,0,1,0,Python,0,0,0,0
2026-07-24,Crawler-Keywords-And-Use-LineBot,1,0,1,0,Python,0,0,1,1
2026-07-24,Database-Template,1,0,1,0,Python,0,0,1,1
2026-07-24,Docker-Registry-Server,1,0,0,0,,0,0,0,0
2026-07-24,Downloads-YouTube-To-MP3-4,3,0,1,0,Python,1,1,1,1
2026-07-24,Forex-Get-Quotes,3,0,1,0,Python,0,0,1,1
2026-07-24,How-To-Use-Clone-Shields,2,0,1,0,Python,0,0,0,0
2026-07-24,Junwu0615,1,0,1,0,Python,0,0,14,11
2026-07-24,Junwu0615-Analytics,1,0,0,0,Python,0,0,11,8
2026-07-24,Junwu0615.github.io,1,0,1,0,HTML,0,0,0,0
2026-07-24,LCII-Rec-Model,2,0,1,0,Python,0,0,1,1
2026-07-24,Latency-Throughput-Simulation-Test,1,0,0,0,Python,0,0,1,1
2026-07-24,LeetCode-Practice-Record,1,0,1,0,Python,0,0,0,0
2026-07-24,LeetCode-Record-Sharing-Method,1,0,1,0,Python,0,0,1,1
2026-07-24,My-English-Learning-Journey,1,0,0,0,,0,0,0,0
2026-07-24,My-Win-Apps,1,0,0,0,PowerShell,2,2,1,1
2026-07-24,NGROK-Dockerization,1,0,1,0,Python,0,0,0,0
2026-07-24,NVDA-Price-Stock-Prediction,1,0,1,0,Python,1,1,1,1
2026-07-24,One-Click-Database-Deployment,1,0,1,0,Python,0,0,1,1
2026-07-24,Other,1,0,1,0,Python,0,0,3,3
2026-07-24,PC-Activity-Tracker,1,0,0,0,Python,0,0,10,7
2026-07-24,PC-Bot-With-GenAI,4,0,1,0,Python,1,1,2,2
2026-07-24,PG-APP-Core,1,0,0,0,Python,0,0,0,0
2026-07-24,PG-Airflow-DAGs,1,0,0,0,Python,0,0,2,2
2026-07-24,PG-Analytics,1,0,0,0,Python,0,0,7,7
2026-07-24,PG-Core,1,0,0,0,,6,2,3,3
2026-07-24,PG-Cortex,1,0,0,0,,0,0,2,2
2026-07-24,PG-Edge-Container,1,0,0,0,Makefile,0,0,1,1
2026-07-24,PG-Infrastructure,1,0,0,0,Makefile,0,0,1,1
2026-07-24,PG-Sentinel,1,0,0,0,,0,0,2,2
2026-07-24,PG-Shared-Lib,1,0,0,0,Python,0,0,2,2
2026-07-24,PG-Synapse,1,0,0,0,,0,0,1,1
2026-07-24,Parsing-Media-From-JVID,10,4,1,0,Python,12,9,1,1
2026-07-24,Parsing-Media-From-PornHub,3,1,1,0,Python,0,0,0,0
2026-07-24,Platform-Genesis,3,0,0,0,Makefile,16,1,3,3
2026-07-24,RAG-With-LangChain-And-FAISS,1,0,1,0,Jupyter Notebook,1,1,0,0
2026-07-24,RESTful-API-FastAPI,1,0,1,0,Python,0,0,0,0
2026-07-24,ROI-Tool,1,0,1,0,Python,0,0,0,0
2026-07-24,The-First-PHP-Login-System,2,0,1,0,CSS,0,0,0,0
2026-07-24,Using-Streamlit-Create-Dashboard,1,0,1,0,Python,0,0,0,0
2026-07-24,Web-Crawler-Download-Img,1,0,1,0,Python,0,0,0,0
2026-07-24,Web-Crawler-FamilyMart-Shop,1,0,1,0,Python,0,0,0,0
2026-07-24,Web-Crawler-News,1,0,1,0,Python,0,0,1,1
2026-07-24,github-readme-terminal,1,0,0,0,,0,0,0,0
2026-07-25,Activity-Tracker,2,0,0,0,Python,0,0,1,1
2026-07-25,Airflow-E2E-DevEnv,1,0,0,0,Python,0,0,0,0
2026-07-25,Airflow-Template,1,0,1,0,Python,0,0,0,0
2026-07-25,Ansible-Deploy-To-Edge,1,0,0,0,Python,0,0,1,1
2026-07-25,CAED,1,0,0,0,Python,0,0,0,0
2026-07-25,Cloudflare-Dockerization,1,0,1,0,Python,0,0,0,0
2026-07-25,Crawler-Keywords-And-Use-LineBot,1,0,1,0,Python,0,0,0,0
2026-07-25,Database-Template,1,0,1,0,Python,0,0,0,0
2026-07-25,Docker-Registry-Server,1,0,0,0,,0,0,1,1
2026-07-25,Downloads-YouTube-To-MP3-4,3,0,1,0,Python,1,1,1,1
2026-07-25,Forex-Get-Quotes,3,0,1,0,Python,0,0,1,1
2026-07-25,How-To-Use-Clone-Shields,2,0,1,0,Python,0,0,1,1
2026-07-25,Junwu0615,1,0,1,0,Python,0,0,11,7
2026-07-25,Junwu0615-Analytics,1,0,0,0,Python,0,0,16,12
2026-07-25,Junwu0615.github.io,1,0,1,0,HTML,0,0,0,0
2026-07-25,LCII-Rec-Model,2,0,1,0,Python,0,0,1,1
2026-07-25,Latency-Throughput-Simulation-Test,1,0,0,0,Python,0,0,0,0
2026-07-25,LeetCode-Practice-Record,1,0,1,0,Python,0,0,0,0
2026-07-25,LeetCode-Record-Sharing-Method,1,0,1,0,Python,0,0,0,0
2026-07-25,My-English-Learning-Journey,1,0,0,0,,0,0,2,2
2026-07-25,My-Win-Apps,1,0,0,0,PowerShell,3,1,0,0
2026-07-25,NGROK-Dockerization,1,0,1,0,Python,0,0,1,1
2026-07-25,NVDA-Price-Stock-Prediction,1,0,1,0,Python,1,1,0,0
2026-07-25,One-Click-Database-Deployment,1,0,1,0,Python,0,0,0,0
2026-07-25,Other,1,0,1,0,Python,0,0,0,0
2026-07-25,PC-Activity-Tracker,1,0,0,0,Python,0,0,32,21
2026-07-25,PC-Bot-With-GenAI,4,0,1,0,Python,0,0,0,0
2026-07-25,PG-APP-Core,1,0,0,0,Python,0,0,2,2
2026-07-25,PG-Airflow-DAGs,1,0,0,0,Python,0,0,2,2
2026-07-25,PG-Analytics,1,0,0,0,Python,2,2,22,17
2026-07-25,PG-Core,1,0,0,0,,16,2,1,1
2026-07-25,PG-Cortex,1,0,0,0,,0,0,3,3
2026-07-25,PG-Edge-Container,1,0,0,0,Makefile,0,0,2,2
2026-07-25,PG-Infrastructure,1,0,0,0,Makefile,0,0,0,0
2026-07-25,PG-Sentinel,1,0,0,0,,0,0,1,1
2026-07-25,PG-Shared-Lib,1,0,0,0,Python,0,0,1,1
2026-07-25,PG-Synapse,1,0,0,0,,0,0,2,2
2026-07-25,Parsing-Media-From-JVID,10,4,1,0,Python,68,9,4,4
2026-07-25,Parsing-Media-From-PornHub,3,1,1,0,Python,1,1,0,0
2026-07-25,Platform-Genesis,3,0,0,0,Makefile,19,2,3,3
2026-07-25,RAG-With-LangChain-And-FAISS,1,0,1,0,Jupyter Notebook,1,1,0,0
2026-07-25,RESTful-API-FastAPI,1,0,1,0,Python,0,0,0,0
2026-07-25,ROI-Tool,1,0,1,0,Python,0,0,0,0
2026-07-25,The-First-PHP-Login-System,2,0,1,0,CSS,0,0,1,1
2026-07-25,Using-Streamlit-Create-Dashboard,1,0,1,0,Python,0,0,1,1
2026-07-25,Web-Crawler-Download-Img,1,0,1,0,Python,0,0,2,2
2026-07-25,Web-Crawler-FamilyMart-Shop,1,0,1,0,Python,0,0,0,0
2026-07-25,Web-Crawler-News,1,0,1,0,Python,0,0,0,0
2026-07-25,github-readme-terminal,1,0,0,0,,0,0,0,0
2026-07-26,Activity-Tracker,2,0,0,0,Python,0,0,0,0
2026-07-26,Airflow-E2E-DevEnv,1,0,0,0,Python,3,1,0,0
2026-07-26,Airflow-Template,1,0,1,0,Python,0,0,0,0
2026-07-26,Ansible-Deploy-To-Edge,1,0,0,0,Python,0,0,0,0
2026-07-26,CAED,1,0,0,0,Python,0,0,0,0
2026-07-26,Cloudflare-Dockerization,1,0,1,0,Python,0,0,0,0
2026-07-26,Crawler-Keywords-And-Use-LineBot,1,0,1,0,Python,0,0,1,1
2026-07-26,Database-Template,1,0,1,0,Python,0,0,0,0
2026-07-26,Docker-Registry-Server,1,0,0,0,,0,0,0,0
2026-07-26,Downloads-YouTube-To-MP3-4,3,0,1,0,Python,2,2,1,1
2026-07-26,Forex-Get-Quotes,3,0,1,0,Python,0,0,1,1
2026-07-26,How-To-Use-Clone-Shields,2,0,1,0,Python,41,1,1,1
2026-07-26,Junwu0615,1,0,1,0,Python,12,2,19,10
2026-07-26,Junwu0615-Analytics,1,0,0,0,Python,2,1,4,4
2026-07-26,Junwu0615.github.io,1,0,1,0,HTML,0,0,0,0
2026-07-26,LCII-Rec-Model,2,0,1,0,Python,0,0,0,0
2026-07-26,Latency-Throughput-Simulation-Test,1,0,0,0,Python,0,0,0,0
2026-07-26,LeetCode-Practice-Record,1,0,1,0,Python,0,0,1,1
2026-07-26,LeetCode-Record-Sharing-Method,1,0,1,0,Python,0,0,1,1
2026-07-26,My-English-Learning-Journey,1,0,0,0,,0,0,0,0
2026-07-26,My-Win-Apps,1,0,0,0,PowerShell,0,0,0,0
2026-07-26,NGROK-Dockerization,1,0,1,0,Python,0,0,0,0
2026-07-26,NVDA-Price-Stock-Prediction,1,0,1,0,Python,0,0,0,0
2026-07-26,One-Click-Database-Deployment,1,0,1,0,Python,0,0,1,1
2026-07-26,Other,1,0,1,0,Python,20,1,4,4
2026-07-26,PC-Activity-Tracker,1,0,0,0,Python,0,0,26,15
2026-07-26,PC-Bot-With-GenAI,4,0,1,0,Python,0,0,1,1
2026-07-26,PG-APP-Core,1,0,0,0,Python,0,0,2,2
2026-07-26,PG-Airflow-DAGs,1,0,0,0,Python,0,0,2,2
2026-07-26,PG-Analytics,1,0,0,0,Python,2,2,3,3
2026-07-26,PG-Core,1,0,0,0,,2,1,0,0
2026-07-26,PG-Cortex,1,0,0,0,,0,0,1,1
2026-07-26,PG-Edge-Container,1,0,0,0,Makefile,0,0,1,1
2026-07-26,PG-Infrastructure,1,0,0,0,Makefile,0,0,1,1
2026-07-26,PG-Sentinel,1,0,0,0,,0,0,2,2
2026-07-26,PG-Shared-Lib,1,0,0,0,Python,0,0,1,1
2026-07-26,PG-Synapse,1,0,0,0,,0,0,1,1
2026-07-26,Parsing-Media-From-JVID,10,4,1,0,Python,118,8,40,13
2026-07-26,Parsing-Media-From-PornHub,3,1,1,0,Python,0,0,1,1
2026-07-26,Platform-Genesis,3,0,0,0,Makefile,2,1,4,4
2026-07-26,RAG-With-LangChain-And-FAISS,1,0,1,0,Jupyter Notebook,1,1,0,0
2026-07-26,RESTful-API-FastAPI,1,0,1,0,Python,0,0,0,0
2026-07-26,ROI-Tool,1,0,1,0,Python,0,0,0,0
2026-07-26,The-First-PHP-Login-System,2,0,1,0,CSS,0,0,0,0
2026-07-26,Using-Streamlit-Create-Dashboard,1,0,1,0,Python,0,0,0,0
2026-07-26,Web-Crawler-Download-Img,1,0,1,0,Python,0,0,0,0
2026-07-26,Web-Crawler-FamilyMart-Shop,1,0,1,0,Python,0,0,1,1
2026-07-26,Web-Crawler-News,1,0,1,0,Python,0,0,0,0
2026-07-26,github-readme-terminal,1,0,0,0,,0,0,0,0
2026-07-27,Activity-Tracker,2,0,0,0,Python,0,0,0,0
2026-07-27,Airflow-E2E-DevEnv,1,0,0,0,Python,0,0,0,0
2026-07-27,Airflow-Template,1,0,1,0,Python,0,0,0,0
2026-07-27,Ansible-Deploy-To-Edge,1,0,0,0,Python,0,0,0,0
2026-07-27,CAED,1,0,0,0,Python,0,0,2,2
2026-07-27,Cloudflare-Dockerization,1,0,1,0,Python,0,0,0,0
2026-07-27,Crawler-Keywords-And-Use-LineBot,1,0,1,0,Python,0,0,0,0
2026-07-27,Database-Template,1,0,1,0,Python,0,0,0,0
2026-07-27,Docker-Registry-Server,1,0,0,0,,0,0,0,0
2026-07-27,Downloads-YouTube-To-MP3-4,3,0,1,0,Python,0,0,1,1
2026-07-27,Forex-Get-Quotes,3,0,1,0,Python,0,0,0,0
2026-07-27,How-To-Use-Clone-Shields,2,0,1,0,Python,0,0,0,0
2026-07-27,Junwu0615,1,0,1,0,Python,0,0,16,12
2026-07-27,Junwu0615-Analytics,1,0,0,0,Python,1,1,2,2
2026-07-27,Junwu0615.github.io,1,0,1,0,HTML,0,0,2,2
2026-07-27,LCII-Rec-Model,2,0,1,0,Python,0,0,0,0
2026-07-27,Latency-Throughput-Simulation-Test,1,0,0,0,Python,0,0,1,1
2026-07-27,LeetCode-Practice-Record,1,0,1,0,Python,0,0,0,0
2026-07-27,LeetCode-Record-Sharing-Method,1,0,1,0,Python,0,0,0,0
2026-07-27,My-English-Learning-Journey,1,0,0,0,,0,0,0,0
2026-07-27,My-Win-Apps,1,0,0,0,PowerShell,2,2,0,0
2026-07-27,NGROK-Dockerization,1,0,1,0,Python,0,0,0,0
2026-07-27,NVDA-Price-Stock-Prediction,1,0,1,0,Python,0,0,0,0
2026-07-27,One-Click-Database-Deployment,1,0,1,0,Python,0,0,0,0
2026-07-27,Other,1,0,1,0,Python,0,0,1,1
2026-07-27,PC-Activity-Tracker,1,0,0,0,Python,0,0,27,13
2026-07-27,PC-Bot-With-GenAI,4,0,1,0,Python,0,0,0,0
2026-07-27,PG-APP-Core,1,0,0,0,Python,0,0,0,0
2026-07-27,PG-Airflow-DAGs,1,0,0,0,Python,0,0,1,1
2026-07-27,PG-Analytics,1,0,0,0,Python,0,0,2,2
2026-07-27,PG-Core,1,0,0,0,,2,2,1,1
2026-07-27,PG-Cortex,1,0,0,0,,0,0,1,1
2026-07-27,PG-Edge-Container,1,0,0,0,Makefile,0,0,0,0
2026-07-27,PG-Infrastructure,1,0,0,0,Makefile,0,0,0,0
2026-07-27,PG-Sentinel,1,0,0,0,,0,0,1,1
2026-07-27,PG-Shared-Lib,1,0,0,0,Python,0,0,0,0
2026-07-27,PG-Synapse,1,0,0,0,,0,0,1,1
2026-07-27,Parsing-Media-From-JVID,10,4,1,0,Python,11,7,4,3
2026-07-27,Parsing-Media-From-PornHub,3,1,1,0,Python,0,0,0,0
2026-07-27,Platform-Genesis,3,0,0,0,Makefile,5,2,3,3
2026-07-27,RAG-With-LangChain-And-FAISS,1,0,1,0,Jupyter Notebook,0,0,0,0
2026-07-27,RESTful-API-FastAPI,1,0,1,0,Python,0,0,0,0
2026-07-27,ROI-Tool,1,0,1,0,Python,0,0,0,0
2026-07-27,The-First-PHP-Login-System,2,0,1,0,CSS,0,0,0,0
2026-07-27,Using-Streamlit-Create-Dashboard,1,0,1,0,Python,0,0,0,0
2026-07-27,Web-Crawler-Download-Img,1,0,1,0,Python,0,0,0,0
2026-07-27,Web-Crawler-FamilyMart-Shop,1,0,1,0,Python,0,0,0,0
2026-07-27,Web-Crawler-News,1,0,1,0,Python,0,0,0,0
2026-07-27,github-readme-terminal,1,0,0,0,,0,0,0,0
2026-07-28,Activity-Tracker,2,0,0,0,Python,0,0,0,0
2026-07-28,Airflow-E2E-DevEnv,1,0,0,0,Python,0,0,0,0
2026-07-28,Airflow-Template,1,0,1,0,Python,0,0,0,0
2026-07-28,Ansible-Deploy-To-Edge,1,0,0,0,Python,0,0,0,0
2026-07-28,CAED,1,0,0,0,Python,0,0,0,0
2026-07-28,Cloudflare-Dockerization,1,0,1,0,Python,0,0,0,0
2026-07-28,Crawler-Keywords-And-Use-LineBot,1,0,1,0,Python,0,0,0,0
2026-07-28,Database-Template,1,0,1,0,Python,0,0,0,0
2026-07-28,Docker-Registry-Server,1,0,0,0,,0,0,0,0
2026-07-28,Downloads-YouTube-To-MP3-4,3,0,1,0,Python,0,0,0,0
2026-07-28,Forex-Get-Quotes,3,0,1,0,Python,0,0,0,0
2026-07-28,How-To-Use-Clone-Shields,2,0,1,0,Python,0,0,0,0
2026-07-28,Junwu0615,1,0,1,0,Python,0,0,26,16
2026-07-28,Junwu0615-Analytics,1,0,0,0,Python,0,0,2,2
2026-07-28,Junwu0615.github.io,1,0,1,0,HTML,0,0,0,0
2026-07-28,LCII-Rec-Model,2,0,1,0,Python,0,0,0,0
2026-07-28,Latency-Throughput-Simulation-Test,1,0,0,0,Python,0,0,0,0
2026-07-28,LeetCode-Practice-Record,1,0,1,0,Python,0,0,0,0
2026-07-28,LeetCode-Record-Sharing-Method,1,0,1,0,Python,0,0,0,0
2026-07-28,My-English-Learning-Journey,1,0,0,0,,0,0,0,0
2026-07-28,My-Win-Apps,1,0,0,0,PowerShell,2,1,0,0
2026-07-28,NGROK-Dockerization,1,0,1,0,Python,0,0,0,0
2026-07-28,NVDA-Price-Stock-Prediction,1,0,1,0,Python,1,1,0,0
2026-07-28,One-Click-Database-Deployment,1,0,1,0,Python,0,0,0,0
2026-07-28,Other,1,0,1,0,Python,0,0,0,0
2026-07-28,PC-Activity-Tracker,1,0,0,0,Python,0,0,31,17
2026-07-28,PC-Bot-With-GenAI,4,0,1,0,Python,0,0,0,0
2026-07-28,PG-APP-Core,1,0,0,0,Python,1,1,0,0
2026-07-28,PG-Airflow-DAGs,1,0,0,0,Python,0,0,0,0
2026-07-28,PG-Analytics,1,0,0,0,Python,4,1,6,6
2026-07-28,PG-Core,1,0,0,0,,8,1,0,0
2026-07-28,PG-Cortex,1,0,0,0,,0,0,0,0
2026-07-28,PG-Edge-Container,1,0,0,0,Makefile,1,1,1,1
2026-07-28,PG-Infrastructure,1,0,0,0,Makefile,1,1,0,0
2026-07-28,PG-Sentinel,1,0,0,0,,1,1,0,0
2026-07-28,PG-Shared-Lib,1,0,0,0,Python,1,1,1,1
2026-07-28,PG-Synapse,1,0,0,0,,2,2,0,0
2026-07-28,Parsing-Media-From-JVID,10,4,1,0,Python,3,1,0,0
2026-07-28,Parsing-Media-From-PornHub,3,1,1,0,Python,0,0,0,0
2026-07-28,Platform-Genesis,3,0,0,0,Makefile,7,3,31,19
2026-07-28,RAG-With-LangChain-And-FAISS,1,0,1,0,Jupyter Notebook,0,0,0,0
2026-07-28,RESTful-API-FastAPI,1,0,1,0,Python,0,0,0,0
2026-07-28,ROI-Tool,1,0,1,0,Python,1,1,0,0
2026-07-28,The-First-PHP-Login-System,2,0,1,0,CSS,0,0,0,0
2026-07-28,Using-Streamlit-Create-Dashboard,1,0,1,0,Python,0,0,0,0
2026-07-28,Web-Crawler-Download-Img,1,0,1,0,Python,0,0,0,0
2026-07-28,Web-Crawler-FamilyMart-Shop,1,0,1,0,Python,0,0,0,0
2026-07-28,Web-Crawler-News,1,0,1,0,Python,0,0,0,0
2026-07-28,github-readme-terminal,1,0,0,0,,0,0,0,0
2026-07-29,Activity-Tracker,2,0,0,0,Python,0,0,0,0
2026-07-29,Airflow-E2E-DevEnv,1,0,0,0,Python,1,1,0,0
2026-07-29,Airflow-Template,1,0,1,0,Python,0,0,0,0
2026-07-29,Ansible-Deploy-To-Edge,1,0,0,0,Python,0,0,1,1
2026-07-29,CAED,1,0,0,0,Python,0,0,0,0
2026-07-29,Cloudflare-Dockerization,1,0,1,0,Python,0,0,0,0
2026-07-29,Crawler-Keywords-And-Use-LineBot,1,0,1,0,Python,0,0,0,0
2026-07-29,Database-Template,1,0,1,0,Python,0,0,0,0
2026-07-29,Docker-Registry-Server,1,0,0,0,,0,0,0,0
2026-07-29,Downloads-YouTube-To-MP3-4,3,0,1,0,Python,1,1,0,0
2026-07-29,Forex-Get-Quotes,3,0,1,0,Python,0,0,0,0
2026-07-29,How-To-Use-Clone-Shields,2,0,1,0,Python,1,1,0,0
2026-07-29,Junwu0615,1,0,1,0,Python,1,1,11,10
2026-07-29,Junwu0615-Analytics,1,0,0,0,Python,3,1,23,14
2026-07-29,Junwu0615.github.io,1,0,1,0,HTML,0,0,0,0
2026-07-29,LCII-Rec-Model,2,0,1,0,Python,1,1,0,0
2026-07-29,Latency-Throughput-Simulation-Test,1,0,0,0,Python,0,0,0,0
2026-07-29,LeetCode-Practice-Record,1,0,1,0,Python,1,1,0,0
2026-07-29,LeetCode-Record-Sharing-Method,1,0,1,0,Python,0,0,0,0
2026-07-29,My-English-Learning-Journey,1,0,0,0,,0,0,0,0
2026-07-29,My-Win-Apps,1,0,0,0,PowerShell,1,1,1,1
2026-07-29,NGROK-Dockerization,1,0,1,0,Python,0,0,0,0
2026-07-29,NVDA-Price-Stock-Prediction,1,0,1,0,Python,1,1,0,0
2026-07-29,One-Click-Database-Deployment,1,0,1,0,Python,0,0,0,0
2026-07-29,Other,1,0,1,0,Python,0,0,0,0
2026-07-29,PC-Activity-Tracker,1,0,0,0,Python,0,0,24,11
2026-07-29,PC-Bot-With-GenAI,4,0,1,0,Python,1,1,0,0
2026-07-29,PG-APP-Core,1,0,0,0,Python,0,0,0,0
2026-07-29,PG-Airflow-DAGs,1,0,0,0,Python,0,0,0,0
2026-07-29,PG-Analytics,1,0,0,0,Python,18,3,10,7
2026-07-29,PG-Core,1,0,0,0,,12,3,0,0
2026-07-29,PG-Cortex,1,0,0,0,,0,0,1,1
2026-07-29,PG-Edge-Container,1,0,0,0,Makefile,0,0,0,0
2026-07-29,PG-Infrastructure,1,0,0,0,Makefile,0,0,0,0
2026-07-29,PG-Sentinel,1,0,0,0,,1,1,1,1
2026-07-29,PG-Shared-Lib,1,0,0,0,Python,0,0,0,0
2026-07-29,PG-Synapse,1,0,0,0,,0,0,0,0
2026-07-29,Parsing-Media-From-JVID,10,4,1,0,Python,8,6,1,1
2026-07-29,Parsing-Media-From-PornHub,3,1,1,0,Python,0,0,0,0
2026-07-29,Platform-Genesis,3,0,0,0,Makefile,19,4,12,3
2026-07-29,RAG-With-LangChain-And-FAISS,1,0,1,0,Jupyter Notebook,0,0,0,0
2026-07-29,RESTful-API-FastAPI,1,0,1,0,Python,0,0,0,0
2026-07-29,ROI-Tool,1,0,1,0,Python,0,0,0,0
2026-07-29,The-First-PHP-Login-System,2,0,1,0,CSS,0,0,0,0
2026-07-29,Using-Streamlit-Create-Dashboard,1,0,1,0,Python,0,0,0,0
2026-07-29,Web-Crawler-Download-Img,1,0,1,0,Python,0,0,0,0
2026-07-29,Web-Crawler-FamilyMart-Shop,1,0,1,0,Python,0,0,0,0
2026-07-29,Web-Crawler-News,1,0,1,0,Python,0,0,0,0
2026-07-29,github-readme-terminal,1,0,0,0,,0,0,0,0
2026-07-30,Activity-Tracker,2,0,0,0,Python,0,0,0,0
2026-07-30,Airflow-E2E-DevEnv,1,0,0,0,Python,0,0,0,0
2026-07-30,Airflow-Template,1,0,1,0,Python,0,0,0,0
2026-07-30,Ansible-Deploy-To-Edge,1,0,0,0,Python,0,0,0,0
2026-07-30,CAED,1,0,0,0,Python,0,0,0,0
2026-07-30,Cloudflare-Dockerization,1,0,1,0,Python,0,0,0,0
2026-07-30,Crawler-Keywords-And-Use-LineBot,1,0,1,0,Python,0,0,0,0
2026-07-30,Database-Template,1,0,1,0,Python,0,0,0,0
2026-07-30,Docker-Registry-Server,1,0,0,0,,0,0,0,0
2026-07-30,Downloads-YouTube-To-MP3-4,3,0,1,0,Python,1,1,0,0
2026-07-30,Forex-Get-Quotes,3,0,1,0,Python,0,0,0,0
2026-07-30,How-To-Use-Clone-Shields,2,0,1,0,Python,0,0,0,0
2026-07-30,Junwu0615,1,0,1,0,Python,0,0,18,10
2026-07-30,Junwu0615-Analytics,1,0,0,0,Python,0,0,3,3
2026-07-30,Junwu0615.github.io,1,0,1,0,HTML,0,0,0,0
2026-07-30,LCII-Rec-Model,2,0,1,0,Python,0,0,0,0
2026-07-30,Latency-Throughput-Simulation-Test,1,0,0,0,Python,0,0,0,0
2026-07-30,LeetCode-Practice-Record,1,0,1,0,Python,0,0,0,0
2026-07-30,LeetCode-Record-Sharing-Method,1,0,1,0,Python,0,0,0,0
2026-07-30,My-English-Learning-Journey,1,0,0,0,,0,0,0,0
2026-07-30,My-Win-Apps,1,0,0,0,PowerShell,0,0,0,0
2026-07-30,NGROK-Dockerization,1,0,1,0,Python,0,0,0,0
2026-07-30,NVDA-Price-Stock-Prediction,1,0,1,0,Python,0,0,0,0
2026-07-30,One-Click-Database-Deployment,1,0,1,0,Python,0,0,0,0
2026-07-30,Other,1,0,1,0,Python,0,0,0,0
2026-07-30,PC-Activity-Tracker,1,0,0,0,Python,0,0,15,9
2026-07-30,PC-Bot-With-GenAI,4,0,1,0,Python,0,0,0,0
2026-07-30,PG-APP-Core,1,0,0,0,Python,0,0,0,0
2026-07-30,PG-Airflow-DAGs,1,0,0,0,Python,1,1,0,0
2026-07-30,PG-Analytics,1,0,0,0,Python,1,1,13,9
2026-07-30,PG-Core,1,0,0,0,,5,1,0,0
2026-07-30,PG-Cortex,1,0,0,0,,0,0,0,0
2026-07-30,PG-Edge-Container,1,0,0,0,Makefile,0,0,0,0
2026-07-30,PG-Infrastructure,1,0,0,0,Makefile,8,1,0,0
2026-07-30,PG-Sentinel,1,0,0,0,,0,0,0,0
2026-07-30,PG-Shared-Lib,1,0,0,0,Python,0,0,0,0
2026-07-30,PG-Synapse,1,0,0,0,,0,0,1,1
2026-07-30,Parsing-Media-From-JVID,10,4,1,0,Python,23,9,3,3
2026-07-30,Parsing-Media-From-PornHub,3,1,1,0,Python,0,0,0,0
2026-07-30,Platform-Genesis,3,0,0,0,Makefile,21,4,2,2
2026-07-30,RAG-With-LangChain-And-FAISS,1,0,1,0,Jupyter Notebook,0,0,0,0
2026-07-30,RESTful-API-FastAPI,1,0,1,0,Python,0,0,0,0
2026-07-30,ROI-Tool,1,0,1,0,Python,0,0,0,0
2026-07-30,The-First-PHP-Login-System,2,0,1,0,CSS,0,0,0,0
2026-07-30,Using-Streamlit-Create-Dashboard,1,0,1,0,Python,0,0,0,0
2026-07-30,Web-Crawler-Download-Img,1,0,1,0,Python,0,0,0,0
2026-07-30,Web-Crawler-FamilyMart-Shop,1,0,1,0,Python,0,0,0,0
2026-07-30,Web-Crawler-News,1,0,1,0,Python,0,0,0,0
2026-07-30,github-readme-terminal,1,0,0,0,,0,0,0,0
2026-07-31,Activity-Tracker,2,0,0,0,Python,0,0,0,0
2026-07-31,Airflow-E2E-DevEnv,1,0,0,0,Python,0,0,0,0
2026-07-31,Airflow-Template,1,0,1,0,Python,0,0,1,1
2026-07-31,Ansible-Deploy-To-Edge,1,0,0,0,Python,0,0,0,0
2026-07-31,CAED,1,0,0,0,Python,0,0,0,0
2026-07-31,Cloudflare-Dockerization,1,0,1,0,Python,0,0,0,0
2026-07-31,Crawler-Keywords-And-Use-LineBot,1,0,1,0,Python,0,0,0,0
2026-07-31,Database-Template,1,0,1,0,Python,0,0,0,0
2026-07-31,Docker-Registry-Server,1,0,0,0,,0,0,0,0
2026-07-31,Downloads-YouTube-To-MP3-4,3,0,1,0,Python,0,0,0,0
2026-07-31,Forex-Get-Quotes,3,0,1,0,Python,0,0,0,0
2026-07-31,How-To-Use-Clone-Shields,2,0,1,0,Python,0,0,0,0
2026-07-31,Junwu0615,1,0,1,0,Python,0,0,15,7
2026-07-31,Junwu0615-Analytics,1,0,0,0,Python,0,0,7,4
2026-07-31,Junwu0615.github.io,1,0,1,0,HTML,0,0,1,1
2026-07-31,LCII-Rec-Model,2,0,1,0,Python,0,0,0,0
2026-07-31,Latency-Throughput-Simulation-Test,1,0,0,0,Python,0,0,1,1
2026-07-31,LeetCode-Practice-Record,1,0,1,0,Python,0,0,0,0
2026-07-31,LeetCode-Record-Sharing-Method,1,0,1,0,Python,0,0,0,0
2026-07-31,My-English-Learning-Journey,1,0,0,0,,0,0,0,0
2026-07-31,My-Win-Apps,1,0,0,0,PowerShell,0,0,0,0
2026-07-31,NGROK-Dockerization,1,0,1,0,Python,0,0,0,0
2026-07-31,NVDA-Price-Stock-Prediction,1,0,1,0,Python,0,0,0,0
2026-07-31,One-Click-Database-Deployment,1,0,1,0,Python,0,0,0,0
2026-07-31,Other,1,0,1,0,Python,0,0,0,0
2026-07-31,PC-Activity-Tracker,1,0,0,0,Python,0,0,37,17
2026-07-31,PC-Bot-With-GenAI,4,0,1,0,Python,0,0,0,0
2026-07-31,PG-APP-Core,1,0,0,0,Python,0,0,1,1
2026-07-31,PG-Airflow-DAGs,1,0,0,0,Python,0,0,1,1
2026-07-31,PG-Analytics,1,0,0,0,Python,5,1,2,2
2026-07-31,PG-Core,1,0,0,0,,5,1,1,1
2026-07-31,PG-Cortex,1,0,0,0,,0,0,0,0
2026-07-31,PG-Edge-Container,1,0,0,0,Makefile,0,0,0,0
2026-07-31,PG-Infrastructure,1,0,0,0,Makefile,0,0,1,1
2026-07-31,PG-Sentinel,1,0,0,0,,0,0,0,0
2026-07-31,PG-Shared-Lib,1,0,0,0,Python,0,0,0,0
2026-07-31,PG-Synapse,1,0,0,0,,0,0,0,0
2026-07-31,Parsing-Media-From-JVID,10,4,1,0,Python,17,7,3,3
2026-07-31,Parsing-Media-From-PornHub,3,1,1,0,Python,0,0,0,0
2026-07-31,Platform-Genesis,3,0,0,0,Makefile,15,2,2,2
2026-07-31,RAG-With-LangChain-And-FAISS,1,0,1,0,Jupyter Notebook,0,0,0,0
2026-07-31,RESTful-API-FastAPI,1,0,1,0,Python,0,0,1,1
2026-07-31,ROI-Tool,1,0,1,0,Python,0,0,0,0
2026-07-31,The-First-PHP-Login-System,2,0,1,0,CSS,0,0,0,0
2026-07-31,Using-Streamlit-Create-Dashboard,1,0,1,0,Python,0,0,0,0
2026-07-31,Web-Crawler-Download-Img,1,0,1,0,Python,0,0,0,0
2026-07-31,Web-Crawler-FamilyMart-Shop,1,0,1,0,Python,0,0,0,0
2026-07-31,Web-Crawler-News,1,0,1,0,Python,0,0,0,0
2026-07-31,github-readme-terminal,1,0,0,0,,0,0,0,0
